seg_id,time_to_failure
seg_00030f,0.4424276402793368
seg_0012b5,0.4067956759557702
seg_00184e,0.4809128209611397
seg_003339,0.5418802217181442
seg_0042cc,0.6900425698853782
seg_004314,0.5031891466359447
seg_004cd2,0.5004025094875382
seg_004ee5,0.7743739251104386
seg_004f1f,0.2405751584422969
seg_00648a,0.6333773016453607
seg_006e4a,0.47643192784857125
seg_007a37,0.31843307305941626
seg_00a37e,0.29637181324807266
seg_00be11,0.5702102032235411
seg_00c35b,0.5175179208750779
seg_00cc91,0.2299150350417379
seg_00e5f7,0.13711008347033493
seg_00f3b9,0.28638058342593803
seg_010eab,0.5803239459729412
seg_0125d9,0.38974289658695266
seg_0144cb,0.3826532116643036
seg_0165c6,0.6875012815990401
seg_016913,0.1886416820068063
seg_016cdb,0.2914622415295941
seg_017314,0.5006365741979485
seg_01a8dc,0.347777629467016
seg_01c775,0.13018124002041895
seg_01ecb0,0.2745857427942448
seg_02042f,0.4278619786257845
seg_025e78,0.31718196241295127
seg_032822,0.3690333695435516
seg_0339ca,0.7248380414482114
seg_037461,0.37117012915560516
seg_038879,0.1254694911925861
seg_03d386,0.5199439843431001
seg_03d63e,0.3131057129202593
seg_03d680,0.6893386542016855
seg_03f380,0.18477279157515838
seg_0445d7,0.7102009032120774
seg_046c28,0.47694655526389534
seg_0488a1,0.3460360879941146
seg_049957,0.3261183681202344
seg_04a696,0.4512614964465551
seg_04ae38,0.39897170377347047
seg_04b87a,0.480817992988916
seg_04cceb,0.7788533631197475
seg_04ee93,0.6766922063123022
seg_04fd93,0.1777625412455438
seg_0536c9,0.44878369524740014
seg_055127,0.6906939819830149
seg_05a1b0,0.37229824136932554
seg_05a4ad,0.759185427391963
seg_05b66a,11.467186080589403
seg_05bef4,0.5410154473603982
seg_05e0d7,0.49608374522431914
seg_05f126,0.49855729536220855
seg_05f9d6,0.3549367882023428
seg_060ce4,0.6380348365734272
seg_061a33,0.7522697741795893
seg_0620e6,0.17968461767081376
seg_063865,0.724535025090218
seg_065588,0.5729535698947734
seg_06893f,0.6038535369470804
seg_06b8c9,0.19746186341659658
seg_06bbc5,0.48170910457363203
seg_06d4a2,0.4798175227830511
seg_06d7ba,0.6338097102848548
seg_070bb0,0.6208252861736289
seg_071067,0.5445942217038434
seg_073696,0.5019550192045621
seg_075340,0.4944890701257445
seg_075f77,0.6185667330526754
seg_0775a7,0.3025157299838047
seg_077b7e,0.1919096073287389
seg_079e34,0.3757205414254364
seg_07c815,0.2931052005824847
seg_07cd72,0.40475370290755186
seg_07f37c,0.4558774193506559
seg_07f8df,0.37566032426379786
seg_07fc6d,0.45261024073937156
seg_086a61,0.4638548030022116
seg_0870ab,0.33058352267600155
seg_0879a8,0.17946759312667965
seg_08b136,0.42637711906675446
seg_08f441,0.2567407918517801
seg_08fd5b,0.5256681570657418
seg_091c9d,0.5007828465010171
seg_093a0a,0.4741742352859847
seg_0968f1,0.49801090804155657
seg_0981f3,0.5965224219751323
seg_09dd59,0.43772460817154885
seg_09ed4e,11.46353239002677
seg_09f0ff,0.21130022162704867
seg_0a0fbb,0.4206792988356148
seg_0a1bd0,0.511755010260908
seg_0a42ba,0.38857366508521324
seg_0a45a1,0.2698100693015767
seg_0a97c4,0.17683922136967312
seg_0aa0fb,0.4277025618253015
seg_0b07c7,0.32776500505757006
seg_0b082e,0.1698317509157807
seg_0b32f7,0.5435601846920501
seg_0b3b94,0.37174700317819764
seg_0b48c4,0.37852349702895427
seg_0b4b24,0.252576145488234
seg_0b54ac,0.34024611978781666
seg_0b76f5,11.47737880332754
seg_0b9ad8,0.32551801411356945
seg_0b9ba3,0.47119159140135314
seg_0ba210,0.4907367970044356
seg_0ba585,0.2788632978250882
seg_0bb5fd,0.4792449040773887
seg_0bc877,0.47172550375987904
seg_0be6ee,0.6035156069271549
seg_0c12cc,0.4893456636367072
seg_0c1d3a,0.4992874070691963
seg_0c247b,0.1557011651856421
seg_0c3943,0.6187506356775178
seg_0c4e31,0.45141646548227155
seg_0c74cf,0.4198903869480199
seg_0c8502,0.31583612500438113
seg_0c89ce,0.3437525638613986
seg_0c9aa8,0.5914117597939461
seg_0cb81b,0.4305851270405775
seg_0cca14,0.5466084969558109
seg_0cdcc8,0.5416574735721701
seg_0cf651,0.5389642325379657
seg_0d0250,0.6820528560734803
seg_0d04b9,0.19765501076471595
seg_0d13a7,0.5593084221014669
seg_0d434c,0.13280359230786384
seg_0d540e,0.5647999754315755
seg_0d663a,0.4623431397357458
seg_0d6d68,0.24899250508841758
seg_0d762e,0.47813527886266044
seg_0d833c,0.5173595327703157
seg_0dae4b,0.3991024509133362
seg_0dc38f,0.5286063019689023
seg_0dcc40,0.2032810491792536
seg_0df469,0.20654959429072428
seg_0df75c,0.09806318699673573
seg_0dfe8c,0.6944877332151953
seg_0e1370,0.5866516571256858
seg_0e1fbe,0.19319927818110172
seg_0e3739,0.45235116591300123
seg_0e3d44,0.6493346949773259
seg_0e3ed2,0.5145517425224951
seg_0e4833,0.2221912493937586
seg_0e7cc5,0.6936982932615823
seg_0e8b79,11.464033396296735
seg_0e9987,0.3382112469825346
seg_0e9bb3,0.47649207324712667
seg_0eb333,0.5713206570689436
seg_0ebfd9,0.586712252068605
seg_0f565c,0.617295343388217
seg_0f74a3,0.7093612996581635
seg_0f8961,0.12155826432411299
seg_0fc67a,0.155732101545034
seg_0fca83,0.3340820711313587
seg_0fd3ff,0.6046117881555512
seg_1010ad,0.6653691371340426
seg_103b32,0.5705119371649822
seg_105cd9,0.26701339473335584
seg_1084af,0.3737834268845685
seg_10a595,0.5044321339817363
seg_10c09d,0.4402942217635608
seg_10f3a6,0.3750703748216308
seg_112b81,0.39510281905052436
seg_1144bc,11.460346837199086
seg_114b79,0.2848777291415751
seg_115617,0.4736904731058677
seg_115a92,0.23406042765571736
seg_11647f,0.36325694990511953
seg_117278,0.25500376955007115
seg_117ff4,0.43017846588903813
seg_11860f,0.7127406970427115
seg_1201e8,0.33024366606241096
seg_121446,0.5457525204049534
seg_121cba,0.5180572891143047
seg_122ba9,0.3473744743545643
seg_123dd4,0.10818468512357195
seg_12ac20,0.6943276008625112
seg_12b9ba,0.1616361484663076
seg_12ee6e,0.6499673190874241
seg_130e17,0.6422506138158613
seg_13468a,0.5976309475476717
seg_136285,0.35728422774782503
seg_136695,0.5064959789000361
seg_137f8a,0.422320902176775
seg_138807,0.316290365943122
seg_13c2f0,0.41872614034809474
seg_13e25f,0.5012794721631112
seg_140bc5,0.47886403003025085
seg_141f34,0.5204017759313627
seg_146926,11.46230181711598
seg_148698,0.7369102617564123
seg_14ad27,0.5601433503843923
seg_14c054,0.13713588873196017
seg_14c371,0.5444624810677925
seg_14c435,0.2677608093261925
seg_14c89d,0.3217594463038159
seg_14c8ce,0.7254694132886199
seg_14d1d3,0.48680322378442786
seg_14f5f0,0.3773143452596233
seg_151368,0.4817604519343118
seg_151d92,0.5312268357682429
seg_153d6a,0.1365034859361087
seg_154361,0.1782784794237825
seg_1562cb,11.464696354920322
seg_158691,0.47900302243742277
seg_158764,0.17547582771828377
seg_15adff,0.3346509741856042
seg_15bf25,0.32946619530210036
seg_15c9f9,0.45459709094013795
seg_161aeb,0.44280333112994263
seg_161f5f,0.6233368727924972
seg_162fc4,0.21954245043153323
seg_16566c,0.41205115098022677
seg_166f70,0.11037051002268335
seg_168d1c,0.16538429649111067
seg_16a270,0.47592520170900976
seg_16c3a7,0.29528005657030615
seg_17067e,0.620041163399252
seg_170684,0.4826371714375912
seg_170a0c,0.4199834471625179
seg_176542,0.7237829267822021
seg_17799c,0.2100646568430948
seg_179d90,0.49270372123280765
seg_17adc0,0.7609466066426093
seg_17d1ff,0.1890914317246766
seg_17e596,0.5183613832340948
seg_180481,0.5514649672353819
seg_18096a,0.4172316350187002
seg_1815fe,0.6969489612280092
seg_1827c5,0.13391427246544305
seg_184222,0.32623983875525453
seg_185ad6,0.7777034098332412
seg_18d1d0,0.46274036630932114
seg_18d307,0.5500691309509046
seg_18f633,0.5262869264384002
seg_18f853,0.3880915408088185
seg_18fb65,0.47644635657652995
seg_193404,0.438212694486944
seg_19515c,0.13540303009425886
seg_195eda,0.3761857353288283
seg_1969c8,0.5188907871873123
seg_19b08e,0.23599913898189512
seg_19b9dd,0.3290894468183484
seg_19e1ff,0.48753750079259117
seg_19ec5c,11.476866235351382
seg_1a0e94,11.464851050701443
seg_1a0eca,0.42630896665778056
seg_1a671a,0.3684707851214619
seg_1a791c,0.1825445494975794
seg_1a8e06,0.6425185323105883
seg_1a8f0d,0.6528863660819795
seg_1a8f2c,0.35811168385038133
seg_1abcaf,0.5683461840629013
seg_1ac9e2,0.2117501996013807
seg_1ae362,0.2999174014280137
seg_1afa29,0.49127549813552635
seg_1b08a4,0.7621285531330845
seg_1b1ad8,0.6915992081074908
seg_1b2298,0.34161474292447586
seg_1b78af,0.33205255069424494
seg_1baf33,0.2861327387438774
seg_1bd38e,0.7482274660558699
seg_1bf7b3,0.43925595956989577
seg_1c401b,0.5452009896091246
seg_1c4c5b,0.47956169774849516
seg_1c4e72,0.15555558075331763
seg_1c849d,0.7626362635897138
seg_1c904f,0.45892640465337636
seg_1c929e,0.32629894708966994
seg_1cb942,0.12528990211895166
seg_1cd352,0.3215935833847811
seg_1cf1b5,0.29979956137156794
seg_1d044c,0.435173885124802
seg_1d11e5,0.23191422403747278
seg_1d596d,0.31682789869774974
seg_1d980f,0.3749935633657183
seg_1da819,0.37400937445391885
seg_1db443,0.1218945802055781
seg_1db8e8,0.13749819174593111
seg_1dec9c,0.1362470891838569
seg_1e0523,0.4725521203343478
seg_1e0b82,0.12618207519270727
seg_1e572b,0.4425804318887986
seg_1e617a,0.16168807512773936
seg_1e61d6,0.5249578103919902
seg_1e677e,0.2873823880246395
seg_1eae76,0.4803983366996285
seg_1ebe6b,0.5767042917418687
seg_1ece48,0.26777304202367647
seg_1eeb8f,0.6064071135278566
seg_1ef708,0.4806002046489085
seg_1f1e60,0.13469996164850298
seg_1f3d44,0.12483537161416786
seg_1f3ede,0.28163625364259337
seg_1f5240,0.45161247317065334
seg_1f7cf8,0.43156648259180913
seg_1f9aed,0.19719432609273216
seg_1fa983,0.47298806030717194
seg_1fc7ab,0.14620076415422828
seg_1fe311,0.32031763794250084
seg_2005a7,0.5629519799088997
seg_2018c8,0.18645279784462226
seg_204dc6,0.6198626801572207
seg_208ba5,0.5454870450815659
seg_2099f4,0.34200621874786524
seg_20a990,0.38023226346134953
seg_20b8d0,0.5129740865458344
seg_20cbac,0.18999829611174673
seg_20cc25,0.4982241138218442
seg_20d9de,0.7309592643544628
seg_20e9ad,0.22920364206231245
seg_210388,0.3186615425045546
seg_211299,0.1831927022023357
seg_211486,0.15995520495858004
seg_214492,0.20778007936067822
seg_217eed,0.5868848309397721
seg_218049,0.5086046625535434
seg_21eebb,0.37549428537377116
seg_21faa9,11.480437145297397
seg_222c5f,0.5686932050384468
seg_225320,11.482592586428224
seg_226e60,0.31186405238022963
seg_229eda,0.14265593636310014
seg_22e509,0.3889618874599747
seg_2313d1,0.4426656929295848
seg_232559,0.49469401095259596
seg_23323e,0.6078694221530965
seg_2367fb,0.7391831963867678
seg_238242,0.4463087282487548
seg_2383c2,0.239813508107106
seg_2396a2,0.48589748353033085
seg_23b123,0.2671612491611814
seg_23bdf9,0.7294346939311106
seg_23c947,0.5215150733095755
seg_23efb0,0.5879209282526608
seg_23f823,0.6513896747224271
seg_23fe27,0.21838490344135122
seg_241266,0.26406805471692213
seg_24157a,0.5146701346986231
seg_24458d,0.5427786405844796
seg_2465ce,0.4987027994303853
seg_247262,0.47906622068899957
seg_24ba8d,0.6105684743515565
seg_24c078,0.11020431608725986
seg_24c1c9,0.6111277761083939
seg_24e071,0.48793789186896513
seg_24f338,0.43050748613267004
seg_257b8a,0.40565036873217986
seg_2597af,0.3166998065084957
seg_259c63,0.1876289114930164
seg_259d65,0.3007066968867396
seg_259dd3,0.5209461619849772
seg_25aa9f,0.13926902125561255
seg_25ab3f,0.6570769553420751
seg_25b38a,0.4221068918666672
seg_25c8dc,0.19239883047633813
seg_25cca7,0.1456892053655972
seg_25e76d,0.5990419410050439
seg_26049e,0.5124834093467684
seg_263deb,0.32148583416610266
seg_263fb3,0.6008950387767482
seg_2642d0,0.5390467665875659
seg_2642d4,0.46343759935161366
seg_264c7d,0.16863447289821373
seg_266805,0.30572640570284393
seg_266c6e,0.6013009329033159
seg_266d4e,0.45695176838212936
seg_268249,0.6909265396369765
seg_268625,0.2310174329848327
seg_268956,0.2073196848954333
seg_26a2a0,0.5088702674004367
seg_26cba3,0.17619542621653012
seg_26edaa,0.512949585435817
seg_2700bd,0.2943825303713461
seg_272a47,0.5465019024676199
seg_274a1a,0.6185333485047838
seg_2774c4,0.1280493797578747
seg_279725,11.463814729457523
seg_27a282,0.7675674927100443
seg_27b7c8,0.7016272575853068
seg_27db4d,0.48873452136744455
seg_27de37,0.47247514505337407
seg_27f532,0.14020590695704163
seg_27ff17,0.3869954601731894
seg_280863,0.2658782694582625
seg_280e3b,0.4401798282889285
seg_284223,0.5113679264043021
seg_284923,11.466403901280994
seg_287e60,0.6019977431301663
seg_287fef,0.6109078453305922
seg_288001,0.31409742688448167
seg_2883ec,0.6951134192993368
seg_289d99,0.5396645313151828
seg_28fc32,0.31416060018511593
seg_29022f,0.6517547326209914
seg_2916e3,0.46429245546072356
seg_293dbf,0.5351461412861663
seg_293dc2,0.40515203961694934
seg_29475f,0.548076333168847
seg_295b1c,0.23050206410510907
seg_2977cd,0.1647705339896256
seg_29a073,0.31423201555665153
seg_29acb7,0.3691391016157798
seg_29c772,0.43191456831253017
seg_29c906,0.3578556651387376
seg_29d497,0.447670652777353
seg_29d4c6,0.2541669747081095
seg_29e799,0.5757180592222009
seg_2a0ace,11.478942782835533
seg_2a0afc,0.684410475989764
seg_2a0dc0,0.48167089671204694
seg_2a2f1e,0.17361624233215864
seg_2a4551,0.7361768635968126
seg_2a6343,0.4940804461383584
seg_2a8351,0.6126733016066829
seg_2aa101,0.48071348791162577
seg_2abd33,0.5389065693740424
seg_2b2cb3,0.20265459202144723
seg_2b372b,0.7054792442273653
seg_2b4959,0.19047588975868246
seg_2b6d52,0.4954475008823262
seg_2ba79a,0.4338943766154382
seg_2bcbde,11.46907085128733
seg_2be983,0.5503057316872179
seg_2bf5be,0.17584402534695803
seg_2bf9dd,0.7427198328285033
seg_2c3203,0.5755818003338494
seg_2c5e9f,0.5271818257662179
seg_2c6011,0.44759731136307557
seg_2c69e4,0.1579080369453356
seg_2c762c,0.7352636136080969
seg_2cac57,0.12782441570128655
seg_2cadc0,0.17722793438205503
seg_2cdbe3,0.5107793701289514
seg_2d3828,0.4600563753960087
seg_2d402d,0.5987253017371662
seg_2d427f,0.5204512593527346
seg_2d5544,0.27532785229563295
seg_2d7cc4,0.2918294724632246
seg_2d92f0,0.5386704561759043
seg_2db7dc,0.4917805815610089
seg_2dc6ff,0.4489898603925662
seg_2dccec,0.4140916899958635
seg_2dcd3a,0.5659259830152281
seg_2dcd84,0.4632510148943123
seg_2dfb91,0.2946381789451545
seg_2e2372,0.5551376892162413
seg_2e50fb,0.38029894532383096
seg_2e64af,0.22848069066785323
seg_2e71dd,0.5754892860373193
seg_2e88dd,0.6656608514112246
seg_2e917f,0.2300059566241563
seg_2e9a47,0.5237781138557868
seg_2ea616,0.4823569933774577
seg_2eccb9,0.48218827348648535
seg_2ece02,0.29265455852675926
seg_2ed79b,0.40703122714200113
seg_2eddf6,0.22243691145750213
seg_2ee95c,0.4217701388449814
seg_2efd5c,0.6006747436770276
seg_2f1664,0.33686236074123854
seg_2f4f14,0.7340447865076967
seg_2f5695,0.31860208575315085
seg_2f60db,0.47421948405104114
seg_2f86cd,0.5846590845547498
seg_2f8e19,0.5501140980953059
seg_2f8f6d,0.42116731200840657
seg_2f9336,0.7142322204712898
seg_2f9581,0.2318751285008664
seg_2fb672,0.11771209186704085
seg_2fe382,0.39729645286274695
seg_301c1e,0.5276745408935543
seg_30207d,0.3372100003689205
seg_304581,0.15103107122068465
seg_304b87,0.5461466140799377
seg_304df5,0.5258786111213356
seg_30501b,0.14111457361159263
seg_3065ba,0.335177223027055
seg_30661b,0.4515548687696058
seg_306756,0.16351810683321358
seg_30ad2a,0.5625638566800947
seg_30b043,0.6318932558324918
seg_30da11,0.23333245170284037
seg_30fd84,0.4838019220540258
seg_310230,0.4957377857468288
seg_31064b,0.5542201176821844
seg_311499,0.6589693823952275
seg_311b5e,0.6196955675569019
seg_3128e6,0.15970839367402767
seg_3151ff,0.41215279067352695
seg_31631c,0.6722752123108003
seg_316f86,0.7594017350908813
seg_318135,0.5462455090428253
seg_31a51f,0.4438526355273466
seg_31a6cd,0.700354302687152
seg_31b808,0.4849998806520153
seg_31c0f4,0.15905294115191487
seg_31d763,0.4786515158529568
seg_31d7bf,0.48148159072268504
seg_31d810,0.7956727821374259
seg_31ddc5,0.2877326433457265
seg_3234ca,0.21404507471855475
seg_324447,0.15660289937366198
seg_324537,0.42949120108201316
seg_325790,0.24817506917730012
seg_326eb7,0.24505094998739188
seg_327ed4,0.34698350903661657
seg_32906d,0.445882219482608
seg_32ad0f,0.408938888778173
seg_32c904,0.5386478181208187
seg_32d747,0.33560073057472023
seg_32e763,0.26799962537650246
seg_32f3a9,0.5046988704676224
seg_32f6df,0.6014077247089337
seg_32f72d,0.734760849681652
seg_32fc4e,11.457270358100766
seg_330579,0.3755919758831568
seg_3319b5,0.4389741215503529
seg_331f2b,0.1501979289917681
seg_3340b9,0.4471359980910282
seg_335170,0.5361700285171774
seg_337b8c,0.2925803430770979
seg_339f80,0.1793306191122775
seg_33c30d,0.62064284457262
seg_342ce6,0.26905277470393874
seg_343571,0.34754985557997226
seg_3452b2,0.21392015288414
seg_34a2b8,0.6895161514779171
seg_34a8f7,0.500635443035674
seg_34abd2,0.7063731749364757
seg_34ef79,0.5401287386928483
seg_3506d6,0.23970836023645295
seg_35269b,0.5205986629721702
seg_355717,0.47780516703492615
seg_355d19,0.4133085515739543
seg_35a2d7,0.5893321671097973
seg_35b009,0.34244936756525884
seg_35b753,0.4969598527901805
seg_35ba8f,0.44354252360410007
seg_35c587,0.26851718817932846
seg_35dd45,0.5507488809172223
seg_35ee83,0.2792536746025444
seg_36147d,0.3193542532945961
seg_361f5a,0.1439879261106552
seg_3631ec,0.2476275973022891
seg_3661de,0.4669779983097879
seg_369570,0.5150581082344114
seg_36b77f,0.7312696391828544
seg_36e32d,0.12647750799136148
seg_3706be,0.7443399262698728
seg_373a04,0.7706062095717845
seg_373ba6,0.302899198203252
seg_37608b,0.6422488954383656
seg_3761d0,0.4542728924844021
seg_37669c,0.485139613018797
seg_376908,0.3098812808990898
seg_377134,0.43088563590784684
seg_3788c5,0.5920286754817217
seg_37bf85,0.48112491829162507
seg_37f3fb,0.355970417489055
seg_38001b,0.41335659728398744
seg_383b6b,0.28471130390347876
seg_383f2e,0.4894750183663831
seg_3865bc,0.5852287560103258
seg_3878d0,0.16662587337474666
seg_389906,0.33346788198696825
seg_38ad16,0.39901894915543135
seg_38ee24,0.4820821984083807
seg_392019,0.7116766225905014
seg_39300d,0.5694068347640111
seg_395e0e,0.7584638039544103
seg_397983,0.4977226430655725
seg_397dc9,0.5159657854039097
seg_398a25,0.24679478849127245
seg_39a886,0.4317474308035614
seg_39ad50,0.537869580298503
seg_3a1600,0.2316702720031555
seg_3a22ac,0.6758846526896649
seg_3a80c5,0.2279689122230147
seg_3a8a76,0.41852480985334983
seg_3aca44,0.3053457127473557
seg_3adb1a,0.689384377968392
seg_3ae4d9,0.5960035898867155
seg_3af649,0.40035196465645007
seg_3b2013,0.5939479605707509
seg_3b30fd,0.3548368736388737
seg_3b4414,0.5632430148942037
seg_3b7175,0.4010970340578952
seg_3b7724,11.46832955205626
seg_3b95d2,0.43710606946332103
seg_3b95dc,0.19141185238428401
seg_3ba485,0.48869864305750027
seg_3bb90a,0.1966285298499059
seg_3bc9ed,0.5033955222623865
seg_3bd97e,0.21789193085079572
seg_3bf9ac,0.38884586087664136
seg_3bfcf6,0.5693404545467631
seg_3c3ddf,0.7567568360437528
seg_3c4106,0.5551826140376102
seg_3c64fb,0.51411788234974
seg_3c8545,0.4988845726904919
seg_3cba49,0.6005905340834674
seg_3cbccf,0.3519653937443681
seg_3ce740,0.48546712457087643
seg_3cfb73,0.4802080337023439
seg_3d059a,0.5325777361589306
seg_3d06cc,0.5122557825310394
seg_3d19fc,0.5028630864913526
seg_3d1cb3,0.4445410178453568
seg_3d1f2e,0.4854841070505535
seg_3d581c,0.6091694389144072
seg_3d6aac,0.36795236940050047
seg_3d6e79,0.1859304413015321
seg_3d9aa0,0.495391732879943
seg_3db0a8,0.4336606533270868
seg_3e00cd,0.48746203944200905
seg_3e55d5,0.36769337977582844
seg_3e87b4,0.32471311399976244
seg_3ec967,0.2941933135182278
seg_3edf51,0.3212419496200494
seg_3f2086,0.445044660648367
seg_3f3689,0.6438147480687167
seg_3f3983,0.5031104610757187
seg_3f5be6,0.2803419672990995
seg_3f80ef,0.363960612458755
seg_3f99c8,0.5562143151136679
seg_3fb24b,0.606032946808541
seg_3fc7ca,0.4664513067813446
seg_3fdae0,0.3045872587526726
seg_407b2b,0.20299054892342203
seg_40b3aa,0.5225186432760911
seg_40f810,0.4796053765576265
seg_411225,0.22838788700115487
seg_414d0f,0.6738512870264698
seg_4185b3,0.4257552382015583
seg_419531,0.14821980551231567
seg_419b2a,0.15569643084039783
seg_41a267,11.481322360365546
seg_41aadc,0.5034219143113902
seg_41ab7e,0.5455127171820414
seg_41be18,0.4826807511839983
seg_41be7d,0.4744978540539635
seg_41f45e,0.35488170761478455
seg_420bcc,0.7675701530659386
seg_420d4e,0.17460497111247944
seg_421a96,0.3485836367254355
seg_421da1,0.5050585087319936
seg_423ebe,0.23285221681802712
seg_425462,0.2811703184907458
seg_42648c,0.4023367109544632
seg_4280d9,0.7419571191066306
seg_428d66,0.40234259543242895
seg_42c4c9,0.12575111285705767
seg_42e7e8,0.1908533866567644
seg_42ff14,0.3965973454773954
seg_430e66,0.5598847191554697
seg_43383f,0.5689092690922622
seg_434c96,0.4704712787513639
seg_43597f,0.34375942998849585
seg_43c6f4,0.4958223980126659
seg_440106,0.5454390630028493
seg_4401d8,0.17759904369398025
seg_441c6d,0.34578893920841663
seg_4435bd,0.4885067291158938
seg_447972,0.5904343112112619
seg_447b8b,0.567490829082011
seg_447cb3,0.14070543053863327
seg_44d3ca,0.5805503745442468
seg_455b16,0.3913188965393452
seg_456149,0.47668356588868926
seg_457234,0.5110050941122075
seg_45838b,0.1471023596646024
seg_4587bb,0.17661684097051947
seg_45a8a9,0.5025379436820887
seg_45b051,0.6156663568473729
seg_45e062,11.453809077638072
seg_45e4ed,0.2179697829411051
seg_45e7ad,0.7321263980435838
seg_46012e,0.5085026811669289
seg_460436,0.15006940474178132
seg_461ab5,0.3835944298924261
seg_461b63,0.29134767932971684
seg_462c1d,0.7089728347361551
seg_464839,0.5645714619626928
seg_468bc9,11.459679083668556
seg_468fdb,0.5007659441932274
seg_46a42b,0.393510393501572
seg_46b84d,0.4736199379423342
seg_46c6d3,0.13853783047466228
seg_46dd7c,0.2884942487054047
seg_4729a7,0.6123382851470089
seg_4743ab,0.13417322210858482
seg_4743fa,11.467067532811212
seg_476700,0.37173431698804804
seg_476bdb,0.6369184864034427
seg_477c83,0.735193677347221
seg_478327,0.14580606575308178
seg_47a48f,0.11641080566856901
seg_47d374,0.6801318590223259
seg_47fed6,0.7457707022957897
seg_482745,0.4841282684349557
seg_4848e3,0.42668026059045155
seg_484901,0.27653400857712107
seg_486973,0.44446533291436263
seg_48a4b3,0.3898255191387536
seg_48a80c,0.5773638432096059
seg_48b545,0.5141060969784341
seg_48feba,0.3703991255397079
seg_490092,0.7580805096532544
seg_490d6e,0.48621092421776085
seg_492dc6,0.5551543720746652
seg_49322d,0.5266708748354966
seg_49336f,0.2290272882482823
seg_495573,0.5243703585061196
seg_496d07,0.5994334151370271
seg_496dad,0.5447980809444579
seg_49b0cb,0.12153673766916884
seg_49d84b,0.5562368053511552
seg_49fdf0,0.4614021907033984
seg_4a2525,0.16086891541126405
seg_4a6096,0.6863746298395956
seg_4a719c,0.7437249807249803
seg_4a91a9,0.22986851741702902
seg_4a9e6b,0.5672022425622388
seg_4a9e8d,0.5055924912387872
seg_4ab7bf,0.4896237868670706
seg_4abc29,0.5262368335394884
seg_4acc4b,0.4267050158031742
seg_4ad5a2,0.17598196445079042
seg_4ad674,0.28468928835414176
seg_4adeda,0.3606727959517956
seg_4ae37c,0.17992027226514537
seg_4ae712,11.46400741062779
seg_4b0839,0.39148373972675304
seg_4b4c91,0.39690675499031186
seg_4b4ffb,0.233475505189581
seg_4b8044,0.44503791814091076
seg_4b953a,0.3242328426541653
seg_4ba3d1,0.14727211911220972
seg_4c067a,0.3775242291893303
seg_4c12b2,0.2603290854324837
seg_4c18e2,0.5904070811103459
seg_4c3a2b,0.5044429706250827
seg_4c4995,0.562339780268885
seg_4c65e6,0.5519411020501079
seg_4c8db6,0.5106985662894876
seg_4ca6de,0.4744713312638947
seg_4cb0d7,0.3601790616078578
seg_4cb9c6,0.3859779294208259
seg_4ce234,0.4588503255685781
seg_4d0008,0.23253858619081924
seg_4d0041,0.5199555910680076
seg_4d0c45,0.15687478995193208
seg_4d18f4,0.5391423546963424
seg_4d2671,0.4811374474160968
seg_4d53c2,11.468467357059566
seg_4d5a4a,0.35159101144988086
seg_4d7c56,0.3307388198475722
seg_4d8f0f,0.416861284831971
seg_4db886,0.5807929081460924
seg_4db997,0.6480292753858604
seg_4dbbd1,0.1860712708917867
seg_4ddddc,0.5503733642628679
seg_4dfa03,0.4833099961183206
seg_4e0c4a,0.5390716724725442
seg_4e2c66,0.5405081382735049
seg_4e3bd7,0.48107183010131116
seg_4e627b,0.29101339088870054
seg_4e9646,0.45870729608800165
seg_4ea3fa,0.7281852356245456
seg_4ea81c,0.47694575285012436
seg_4eb127,0.2454454623022631
seg_4eeaef,0.5534943189784465
seg_4eef28,0.5484587586272334
seg_4f48b4,0.5190343238285982
seg_4f5931,0.8132466978280064
seg_4f76a2,0.39069625964700616
seg_4f83a3,0.3209581338988476
seg_4fa87d,0.5246760677310389
seg_4fce5b,0.40111719284449354
seg_4fd191,0.2725752051622847
seg_500108,0.4573009875870472
seg_5009d9,0.7337352915500533
seg_500c80,0.2563404808816545
seg_502fab,0.15617086248341888
seg_507065,0.4714163930893747
seg_5090fa,0.4679938911945803
seg_509d55,0.3323413197851034
seg_50a667,0.2827854364222902
seg_50b048,0.46306473989688535
seg_50e270,0.7398718311135238
seg_511d25,0.5024970454155041
seg_512b3e,0.48063862719165434
seg_514543,0.58819175250831
seg_5147e1,0.1433647905473958
seg_514b85,0.1458851765517959
seg_5165a4,0.1433506494975478
seg_517345,0.5162436597717216
seg_517425,0.5832635806653197
seg_51865e,0.6199604406886581
seg_518b1e,0.47602205189262303
seg_51b68c,0.13232881252536757
seg_51f0a2,0.6464453060460085
seg_51f6fd,0.3888965839844104
seg_521a88,0.5492581237472258
seg_523945,0.6004170967752285
seg_524b39,0.43601576557268834
seg_5254ce,0.15707244831911182
seg_5255c0,0.537104150347545
seg_52636c,0.5091566746583293
seg_529be4,0.25159962867178304
seg_529c99,0.5918711744870357
seg_52c139,0.41691945174393136
seg_530a02,11.455967700816482
seg_53103b,0.486053249381701
seg_5311d1,0.28295416176321925
seg_533613,0.7642526854563291
seg_53498a,0.47498627289139206
seg_53a557,0.18971896108994968
seg_53a5fd,0.3058756265803465
seg_53bdf5,0.7475698935944889
seg_53caf1,0.721476232697369
seg_53d818,0.27830446554030164
seg_53e645,0.433204330926676
seg_53fa13,0.3160315118847574
seg_5407b0,0.34161956699465446
seg_5445bc,0.2528849155102078
seg_54490e,0.7695720098333086
seg_545fda,0.48122969566128265
seg_5467c8,0.3226490211621753
seg_546864,0.1955711939352151
seg_5470ca,0.20294051161259008
seg_5495ca,0.34056859167557013
seg_54af0d,0.32242597269671636
seg_54b0ee,0.7288262518899543
seg_54d0f3,0.4379472146653657
seg_55239a,0.5599147330581837
seg_552b8e,11.464232244344672
seg_5559d9,0.5447221250371974
seg_555f63,0.450728153756728
seg_5597ed,0.3874204489803423
seg_55a0c3,0.44483676520768084
seg_55a9a4,0.16835076652009406
seg_55b566,0.4480540046867297
seg_55d50b,0.4354756991420225
seg_561cf4,0.5693823005351761
seg_563059,0.15741929229903537
seg_5639b3,0.14717240327034953
seg_566efe,0.19027379416077175
seg_56e3e7,11.458452875547575
seg_56e6f1,0.333610202684335
seg_56ebc7,0.4924789800070133
seg_570a20,0.45399097686615114
seg_570d69,0.13355536027731937
seg_572172,0.5293429196719571
seg_5759c9,0.416323478647293
seg_5765b6,0.3584407430960415
seg_578e84,0.13159444658154934
seg_57908c,0.43696170020938674
seg_57b6c0,0.606636713078971
seg_57dd68,0.6902690671651515
seg_57ea44,0.6132374664098881
seg_580b65,0.5672024229678031
seg_581fac,0.5371999132078561
seg_585872,0.17173905210248644
seg_586726,0.6495871309273277
seg_586c0f,0.32938284870869255
seg_5887a8,0.7417481653903828
seg_588f61,0.7637517715773727
seg_58d52d,0.7372211919060333
seg_58e74b,0.5475840953564264
seg_58e9f9,0.43703925308290076
seg_58ea74,0.47520655231101255
seg_59058a,0.5410267390807428
seg_590fa5,0.447839202692211
seg_591954,0.3204727117240323
seg_5924f5,0.5828617832298387
seg_592807,0.220019326392221
seg_593c34,0.32516966929777635
seg_5965d8,0.3913447129590486
seg_596ae3,0.7375187404968069
seg_5975f4,0.42724312634864886
seg_597bd6,0.5306814955501586
seg_59818b,0.48297347831898285
seg_59cd7d,0.5999919599933813
seg_59cfdb,0.4616201537362838
seg_59d484,0.3408129732431386
seg_59de0b,0.5476501125240829
seg_59e1db,0.4759567867457495
seg_59eb97,0.7100134047876427
seg_5a0479,0.4726806189826812
seg_5a1adb,0.30561916815203427
seg_5a242e,0.4839019794174629
seg_5a67b5,0.4455769205863276
seg_5a947e,0.23199148889744975
seg_5abfdd,0.18822308147683375
seg_5ad847,0.7515272127498926
seg_5b392b,0.6252331849442043
seg_5b7325,0.42963599527761726
seg_5b8c39,0.4876224084436748
seg_5bc0b0,0.47225597998296887
seg_5bd9ae,0.5154186319956774
seg_5bdb47,0.6232018624629379
seg_5bfbf0,0.6512740279649697
seg_5c0929,0.47045130600055923
seg_5c1a4d,0.7602044714856226
seg_5c530f,0.5995966914109148
seg_5c57a8,0.48572572745110904
seg_5c8ae5,0.6948340048127095
seg_5c9077,0.4257280626413746
seg_5cd98b,0.23142089245364292
seg_5cde88,0.6147510950869969
seg_5cfba9,0.5030614675316941
seg_5cfdc4,0.7285803467287457
seg_5d333e,0.7285342233804978
seg_5d45db,0.29960562145737973
seg_5d92af,0.49477326314289105
seg_5d94b2,0.578242975107122
seg_5e020f,0.4533393232860291
seg_5e0902,0.5979833057608323
seg_5e1bba,0.36604114313263436
seg_5e541f,0.5255506958389309
seg_5e635a,0.5314547420121202
seg_5e668a,0.15480693874667695
seg_5e70a7,0.48132295204742975
seg_5e7abf,0.21256066696654433
seg_5e8ef4,0.7924124457536249
seg_5eb380,0.5916079454858009
seg_5ec0e3,0.5307074381184452
seg_5ed47e,0.45731704765389064
seg_5ef47e,0.6851447465538087
seg_5f0a92,0.4137685026535454
seg_5f24d3,0.3541806611155516
seg_5f352e,0.6183679546692458
seg_5f355e,0.43329797552541194
seg_5f46a5,0.32411402254170885
seg_5f7fd9,0.3868051904896764
seg_5fe414,0.5746324167940181
seg_60277f,0.623571146539671
seg_6074f9,0.6840352907025383
seg_607559,0.4681222865201387
seg_60ab20,0.12347469865909526
seg_60b696,0.14777558166307253
seg_60dacd,11.465270717695178
seg_60df2a,0.5911717844163769
seg_610379,0.18097802662542883
seg_61219c,0.23194079249125973
seg_613702,0.7268841159499334
seg_614b50,0.6102025128560898
seg_6153ca,0.5443727262513671
seg_6167f0,0.11791419901422945
seg_616c8b,11.46978555818159
seg_61b50d,0.3475787325289529
seg_61f504,0.6093837562455401
seg_620ee4,0.28394391578169237
seg_622e9d,0.5431193259361361
seg_62331a,0.5098396941373944
seg_6262c4,0.4557131911168264
seg_629822,0.6418982843911379
seg_62a403,0.5047127652027122
seg_62c582,0.47307235444070067
seg_63130f,11.472753396990262
seg_633651,0.659051424325994
seg_634180,0.3835607916362494
seg_634f05,0.6181752457088256
seg_635770,0.31605925041453037
seg_63582a,0.15736242418839974
seg_63c13d,0.21440803352152873
seg_63c518,0.5437281414867902
seg_63c8e4,0.5141345221890449
seg_63c983,0.27309918062554533
seg_63c9a3,0.480272949688613
seg_63d651,0.32747116159860357
seg_6422d1,0.5285101492472072
seg_643d1f,0.5936511597692153
seg_643f86,0.30369959449283357
seg_64bcb9,0.4497286807763838
seg_64be5d,0.1286487649442881
seg_64be91,0.7143790242589972
seg_64daae,0.5929734263130206
seg_64dcf0,0.5036738833785047
seg_64f8dc,0.3658769563132578
seg_650de2,0.3511645898522335
seg_651808,0.5486653366912458
seg_652cc2,0.62340457373677
seg_655780,0.3530417145443964
seg_655ad6,0.5171428655821889
seg_655cae,0.39677606327421056
seg_658bf4,0.5234202772022634
seg_659ff8,0.422469314002136
seg_65b962,0.3218789295156333
seg_65c4e1,0.31405809346562613
seg_65ef95,0.6384821743641204
seg_65f01e,0.5916070268745255
seg_65fbac,0.5043369992423531
seg_660fe1,0.2734583082657388
seg_660fef,0.7341059186620617
seg_661629,0.4732715627469157
seg_666056,0.46296212417422306
seg_6681ee,0.6028133292857657
seg_66820a,0.5231284376784235
seg_6696d0,0.3296603766254586
seg_66b7c3,0.7668007633726064
seg_66e45a,0.34717328354563076
seg_66ed4d,0.5160496151074999
seg_670bde,0.2861192964108488
seg_67330f,0.19678624149621946
seg_673c60,0.5582040117920805
seg_67599b,0.6407030745031423
seg_679dd2,0.15823761634528621
seg_67aa76,0.3235278691589309
seg_68102c,0.13534463099175145
seg_683ddf,0.1685926630193644
seg_686edc,0.156844741618201
seg_687a5c,0.5629014766207106
seg_68a484,0.5213101808424855
seg_68da94,0.6480337632916789
seg_691a72,0.5495263074238194
seg_692e7a,0.46574109608359326
seg_6951e0,0.499964900675792
seg_695380,0.6036439507123137
seg_696621,0.26882425349050254
seg_6968c8,0.3438702754294484
seg_69787a,0.4958223980126659
seg_69a230,0.34925090301964457
seg_69a53e,0.12531262452605108
seg_69dbad,0.5002038950106661
seg_6a05e7,0.24582769929835308
seg_6a116b,0.5814704586541064
seg_6a26de,0.4317237482260837
seg_6a45a0,0.30552148489985836
seg_6a4ad1,0.6896349011549283
seg_6ab188,0.5519363180858914
seg_6ac67a,0.3235372517737359
seg_6ac82a,0.40896884426579516
seg_6ae32d,0.35827476126887314
seg_6b0107,0.5312881559795682
seg_6b2ce0,0.4681308438486886
seg_6b3a9d,0.6544943480767828
seg_6b4e04,0.5424296510574708
seg_6b536d,0.580012480350116
seg_6b9511,0.48282565261971544
seg_6b9d02,0.6582775325455293
seg_6be48e,0.25953778092951074
seg_6c292b,0.771081016537491
seg_6c309f,0.37501018946061415
seg_6c34c2,0.4517522653653318
seg_6c8a45,0.3102849317580406
seg_6c909f,0.17117236095022878
seg_6cfb76,0.28395393085464476
seg_6d01a3,0.11250520236171728
seg_6d35cd,0.42566988540211065
seg_6d36a1,0.359064343452442
seg_6d4109,0.3073913033793984
seg_6d4fa6,0.5901580659193593
seg_6d6fad,0.4479394847534657
seg_6da1ff,0.5900520838270014
seg_6dac5d,0.4387022646955521
seg_6dd0fc,0.45476288501453377
seg_6de4fd,0.5872874455730014
seg_6de935,11.477211504589345
seg_6df48e,0.14915664894819514
seg_6dfab7,0.47886634378849574
seg_6e12ae,0.5686699513069343
seg_6e12ee,0.4710000571648705
seg_6e1ee7,0.47729973108545254
seg_6e572a,0.600496266318665
seg_6e5a38,0.26767548207439057
seg_6e7f73,0.8227240936646999
seg_6e98aa,0.14675619445236138
seg_6eb146,0.12065841439773675
seg_6ed49a,0.5159964076940728
seg_6edcb8,0.30085699830438023
seg_6eedcc,0.5905865311445243
seg_6f17de,0.3009878171252289
seg_6f2222,0.5851681558668698
seg_6f3d90,0.18673874676288355
seg_6f60b2,0.7060761525741877
seg_6f650f,0.12654077928480043
seg_6f9a98,0.5226734611923047
seg_6fb17f,0.6648150536908822
seg_6fc3ef,0.7581192009596823
seg_6fc8b3,0.1630158678409115
seg_6fd5bb,0.4959245973519839
seg_7012af,0.4773234350131515
seg_7020c5,0.48090836125189174
seg_702e03,0.2861299567682359
seg_703cea,0.3036760571525186
seg_705463,0.5558273296449203
seg_708349,0.42007993064527493
seg_70991d,0.49797149583680805
seg_709b6a,0.7513405257828883
seg_709d08,0.49308446543149725
seg_70a60e,0.19454282412944082
seg_70b375,0.5430450308490041
seg_70be4d,0.5566941509281508
seg_70e891,0.40539625665240686
seg_70edf5,0.7123189380247144
seg_70fb30,0.4576112476626456
seg_7120ac,0.6142764449721831
seg_71238c,0.13376396350049782
seg_71348a,0.29274118212137873
seg_715e2c,0.47797798924338586
seg_715ff6,0.7100293924164712
seg_7189ca,0.5206612482620424
seg_718b53,0.5337060988406823
seg_71936f,0.4719690930970373
seg_71b4e0,0.4898978873871764
seg_71b975,0.3966179600509421
seg_71c9e9,0.6472969816946704
seg_71f571,0.4613969733288792
seg_7211f1,0.6311386050663219
seg_724df9,0.5409216692201232
seg_725772,0.7290370854922712
seg_725e84,0.457983482680516
seg_727fc7,0.67468173404145
seg_72858d,0.4778666230856494
seg_72859b,0.41959948898353927
seg_72aba8,0.6224377646263592
seg_72b68c,11.464179443449014
seg_72c307,0.4374538997548488
seg_72ebda,0.5480837156949839
seg_72f40a,0.5427531455423045
seg_730ebe,0.23341296166986805
seg_734a88,0.15871296620949416
seg_73565e,0.5493176077359984
seg_735cdd,0.6082861485210787
seg_73858d,0.38213640444023084
seg_738be6,0.6051592615805291
seg_739643,0.5805678843055039
seg_739679,0.6507776252773375
seg_739856,11.455274442071886
seg_739fb0,0.604684588034996
seg_73ab4a,0.3033745968366937
seg_73b0f7,0.753848002323651
seg_740837,0.46997547110485616
seg_741fc1,0.5354568554177751
seg_74235f,0.7559167221742921
seg_7428e7,0.24539372091057146
seg_743775,0.40626763698590757
seg_74537f,0.2002590071540513
seg_746d1d,0.2326437221463746
seg_7480f4,0.501264199876238
seg_74b264,0.37504261322851334
seg_74b3bd,0.4725738066946482
seg_74ce61,0.15553583635628235
seg_74d58a,0.17724749416177069
seg_74d8cc,0.34058421918776427
seg_74dda9,0.4343742365961513
seg_74f330,0.2919442917382809
seg_74fcfc,0.33038051927233625
seg_74ffde,0.43694565659089274
seg_750244,0.7236191327563366
seg_750c93,0.6120255139199989
seg_750d20,0.6101264127568379
seg_750e7e,0.1896290242391514
seg_75211e,0.6894769391355223
seg_753190,0.15723208433370686
seg_753ba6,0.30366878763965216
seg_7540f3,0.6455397947250129
seg_75438e,0.5132322295950308
seg_755d50,0.389508451312617
seg_75654d,0.3722685723506009
seg_758374,0.5701451101052379
seg_758ca4,0.4709398003580753
seg_759fb1,0.26566300840231427
seg_75a878,0.6499635924138363
seg_75c34b,0.7253898607473923
seg_75cd6a,0.2625110931542894
seg_75dc3e,0.3792609128784287
seg_75e669,0.5142687751476722
seg_75e93c,0.5704399615008554
seg_75eb90,0.547826381167728
seg_75ffc9,0.5283772821129347
seg_760d70,0.297159093178209
seg_76106f,0.7292272647519367
seg_762188,11.464373676641937
seg_762be4,0.4850643561837888
seg_7630c5,11.46800279019971
seg_766e42,0.29606786942563684
seg_76b76f,0.11964216523398923
seg_76c2fa,0.4227549492896584
seg_76d16c,0.7325830333561985
seg_76e914,0.3756857380985609
seg_76f1af,0.4239732625767335
seg_76f3f2,0.4541107863204185
seg_76f76d,0.24752277455212116
seg_774ad2,0.2540031020604298
seg_77bf79,0.4662597989426015
seg_77c546,0.6079725768328016
seg_77db7b,0.5260085519287501
seg_77dbe7,0.5761542923395879
seg_77df38,0.1872893320032992
seg_77e7bf,0.3638086602021668
seg_77ea14,0.22931258369051732
seg_77f9e3,0.5870633903335687
seg_77fe77,0.2309858485208006
seg_7848f8,0.4343411533436467
seg_7862ed,0.42942768954135074
seg_786ff6,0.41900375792974887
seg_78852d,0.4806290289001507
seg_78addc,0.47725852864422613
seg_78d817,0.4922572417633707
seg_78db0a,0.5274420561513822
seg_78ded2,0.6090616496852892
seg_78fc4b,0.5092406927035898
seg_790108,0.34680895396815503
seg_7949da,0.3330156279268962
seg_79c47a,0.712850605382636
seg_79dc90,0.6798257878781325
seg_79e301,0.4523007345773008
seg_7a09ec,0.7204985723549407
seg_7a521c,0.2947171831422875
seg_7a5243,0.46487574834445283
seg_7a9228,0.3517181347017223
seg_7a9f2b,0.2912255703861429
seg_7aeca4,0.7458492658734392
seg_7b0936,0.5886759677741429
seg_7b2994,0.6080840453203501
seg_7b3017,0.7098155807484965
seg_7b5f90,0.45635675337790943
seg_7bb771,0.6137257233411371
seg_7bec10,0.13575151361037258
seg_7bf143,0.4982060418006234
seg_7c0376,0.4713193275167903
seg_7c10c1,0.5078468492880092
seg_7c2beb,0.552572219768915
seg_7c2c48,0.5030849360556309
seg_7c6c31,0.45627437611021887
seg_7c88d1,0.5441711540373564
seg_7c9433,0.1809971514563443
seg_7cb417,0.6177647473530575
seg_7cbb45,0.558268879193854
seg_7cd6b1,0.6964559165663221
seg_7cdfe5,0.3195415681003989
seg_7ce9cb,0.5299981197253386
seg_7cef95,0.5965485310130438
seg_7d17eb,0.43676560797573427
seg_7d2535,0.43057293620555137
seg_7d2e57,0.4420606363349191
seg_7d65c7,0.3312078781337733
seg_7d718e,0.4110134123028263
seg_7d88e3,0.3899857041549588
seg_7d994f,0.39527395805845883
seg_7ddc30,11.466636618125072
seg_7df3dd,0.5803522807104252
seg_7e3b3e,0.5909258983405176
seg_7e9eb7,11.462467032575358
seg_7eb108,0.34734028666206773
seg_7ebdc3,0.34391181451460784
seg_7ed2dd,0.34136952374537594
seg_7ef97b,0.3788748408221203
seg_7efdd5,0.43168904720059303
seg_7f3ab0,0.305106208173839
seg_7f5b6f,0.46605694605725184
seg_7f786b,0.3214873899153114
seg_7f93b2,0.6103231323923418
seg_7f9b3a,0.14508227529837678
seg_7fa6ec,0.5024369811268342
seg_7fac26,0.46333048901760004
seg_7fd3a3,0.24954897273254562
seg_7fd6b7,0.09412578213474525
seg_80211c,0.45864140300900147
seg_804fb5,0.3995256837462168
seg_80622d,0.16496391071490638
seg_807901,0.4930098140128343
seg_80b9b4,0.39371457526978226
seg_80fb86,0.18967255800310898
seg_812962,0.16270907292211673
seg_812a50,0.18343368472031765
seg_813aab,0.4503807695666793
seg_814b1f,0.589709230733396
seg_816b7a,0.4415358244758252
seg_818382,0.709225186752498
seg_81a8ea,0.1616196508194851
seg_81bebd,0.690159729736114
seg_81c1a6,11.467816450611977
seg_81c432,0.42652326690967596
seg_81f798,0.5916014806283604
seg_8200d2,0.371942088469815
seg_82303e,0.5976948169484247
seg_82316b,0.48967602042587566
seg_8244bf,0.5697904051204444
seg_82456a,0.5775800165045318
seg_826208,0.4443483564722302
seg_827804,0.2326724408556571
seg_827a21,0.23421252536759202
seg_827c07,0.33839706949017717
seg_82c138,0.7181078418985748
seg_82ce27,0.7619684205925488
seg_82d7b6,0.503031038734428
seg_830cff,0.4614264955095856
seg_8310ea,0.15843320099126318
seg_8324a4,0.4800231612786102
seg_8328f5,0.3937043204676277
seg_832a4d,0.23462043667112528
seg_8344ee,0.36704416133533585
seg_8353f5,0.22131493234172897
seg_836aac,0.5056211956710858
seg_836ef0,0.590359579294085
seg_83bef8,0.21552549280079225
seg_83cb2c,0.2135722251345269
seg_83dc2e,0.4837830101457733
seg_83ef67,0.34469597033747595
seg_83f476,0.45462187091992706
seg_83f89e,0.722978317451397
seg_83f928,0.43909440857195736
seg_8456d3,0.4610327810420458
seg_845a2a,0.14892853338404763
seg_8472f3,0.7139062461777879
seg_848695,0.3221689290844292
seg_84a65d,0.5267609410495577
seg_84b9d9,0.4394726200575113
seg_84c7fb,0.7288722042068815
seg_84fc12,0.7360425776133356
seg_8509db,0.4902290709488674
seg_850d95,0.5486656956656196
seg_8515fd,0.47875827734955584
seg_853302,0.7495044309906608
seg_854d91,0.4269392536221976
seg_857304,0.31032722126760176
seg_85762d,0.7577220532180985
seg_8599ec,0.3818675855532908
seg_85c1c0,0.22960553189803626
seg_85e90e,0.5516532182205619
seg_85e9c6,0.7095728472285463
seg_85fb0a,0.4251303853148094
seg_864fcf,0.2322392670042159
seg_8658b3,0.4364811195962512
seg_86720f,0.45007309659290706
seg_8681aa,0.3199792695597587
seg_86892f,0.5461447037564412
seg_868c85,0.30232949986200774
seg_86cfe9,0.15590242055718215
seg_86d847,0.7414829524409838
seg_86e874,0.5727236477198919
seg_87232d,0.5145555188546301
seg_876904,0.19631565101711493
seg_8773cf,0.4014715075440169
seg_8777bd,0.4235750531225435
seg_8785e2,0.5326728560887427
seg_878d2c,0.49772731411091997
seg_87a616,0.5627082172594783
seg_87a67a,0.5447656000424193
seg_87e4e8,0.4383724749611615
seg_87f6c8,0.5473150485533295
seg_8826f4,0.4780093444388357
seg_885f53,0.16349285451589513
seg_8866f0,0.5606650325930266
seg_88a81d,0.6498483380070788
seg_88b289,0.4771247022414255
seg_890181,0.43184422280348406
seg_89791c,0.6109696275507588
seg_89885a,0.22271709416788174
seg_899bf0,0.759849164403709
seg_89b090,0.4557549658226256
seg_89d8a0,0.24430628678976835
seg_89e207,0.6242491205732752
seg_89eed6,0.31473159376062143
seg_89f975,0.631455980912079
seg_8a3306,0.2833730023182864
seg_8a41bf,0.6175657832996989
seg_8a6b0e,0.5799814301394226
seg_8a7201,0.28048580880411184
seg_8a8220,0.7579468597531509
seg_8a8375,0.39891296151986483
seg_8ab3a7,0.5045064105631416
seg_8ae847,0.18058273758153445
seg_8aeb99,0.5238497494588878
seg_8b39c4,0.6802325283916905
seg_8b798b,0.1654487175580896
seg_8baeab,0.595116705724509
seg_8bc20c,0.3911752658713634
seg_8bde47,0.6708373124103362
seg_8be2da,0.731989926295933
seg_8be76c,0.521928799067017
seg_8bec6f,0.7795193186813633
seg_8bf229,0.7213152734988857
seg_8c0114,0.40212388311687247
seg_8c1760,0.4971032116745516
seg_8c1cca,0.3958897880435442
seg_8c1e7d,0.4198776036496147
seg_8c341c,0.5076992432557665
seg_8c6d4e,0.5744949726975959
seg_8c6e34,0.5688441481392423
seg_8cd159,0.4507137666070815
seg_8cdf83,0.2465965919469207
seg_8ce632,0.23162824567289927
seg_8cf573,0.526487998983339
seg_8d030a,0.14870605224328132
seg_8d135f,0.1920296779288565
seg_8d3a9d,0.5402021580234276
seg_8d4435,0.28851792873753696
seg_8d4965,0.4702260364472624
seg_8d5113,0.31147931523905675
seg_8d6578,0.6084021752679171
seg_8d6a7d,0.6527394772773621
seg_8da61a,0.5492229321910699
seg_8db6f0,0.4706009362703628
seg_8dcf3c,0.5506541589741314
seg_8dd2ab,0.585564654652988
seg_8dd3ba,0.1918060286403811
seg_8dfc7e,0.5318371758627106
seg_8dfd7a,0.6139128933424711
seg_8e5704,0.4302970841161896
seg_8e6a3f,0.1425800939630058
seg_8e7194,0.5298511469525465
seg_8e7fca,0.5261467811824126
seg_8ebdea,0.16929127156497106
seg_8f1127,0.5650275181082801
seg_8f25b0,0.1379400740386867
seg_8f3247,0.5341986104536137
seg_8f3dfe,0.7067823750295358
seg_8f4654,0.7340689590606836
seg_8f4781,0.6326980515132997
seg_8f5589,0.4990528325780582
seg_8f592b,0.4220703566702939
seg_8f6284,0.3607260450185817
seg_8fb0d0,0.7130230062022349
seg_8fb29e,0.7483391674764935
seg_8fb828,0.3835003786159108
seg_8fc754,0.42018034739753596
seg_8fd465,0.24613951662159603
seg_902074,0.4837571057941617
seg_902bc1,0.4989715197757968
seg_903aba,0.14883538178076886
seg_907c52,0.3833233230775311
seg_90a0be,0.5276915274498554
seg_90b174,0.31287025675959906
seg_90bf60,0.5495237170149221
seg_90c258,0.48291251815511516
seg_90e904,0.5745795294769157
seg_90ec68,0.4962426618022393
seg_90ef18,11.458235202034787
seg_911066,0.3250275310379342
seg_9122aa,0.6472577996409282
seg_913ffc,0.19344232669860686
seg_914a62,0.2669568049463281
seg_91596c,0.15071513167833628
seg_915b3e,0.32479614007327534
seg_91607c,0.2163183335441595
seg_919a6a,0.3030047571352115
seg_919c5c,0.33454735906893696
seg_91bf8c,0.2676856562373433
seg_91cff2,0.5124595376407625
seg_91eaeb,0.1883580093214496
seg_91f512,0.2110393320493591
seg_91f664,0.4737335267487403
seg_91fc29,0.6809381097236862
seg_920132,0.5474239582738581
seg_92092a,0.4990818201232683
seg_922914,0.4861658941315221
seg_922990,0.5546393314507995
seg_92310f,0.4207109291857878
seg_929ded,0.6590850290240828
seg_92a5f1,0.384721381363941
seg_92af10,0.463753006779804
seg_92b095,0.305945596206695
seg_92bd37,0.6791537931177528
seg_92be9f,0.6089975860846654
seg_931244,0.5567239276690684
seg_93211c,0.46595531010913793
seg_932828,0.3370384984957857
seg_934087,0.3168049051400159
seg_939f5c,0.1982454133793105
seg_93d864,0.48257177910585736
seg_93f935,0.29922042429104306
seg_941759,0.5252752228323984
seg_943de0,11.4612114457987
seg_944c98,0.5301614443346013
seg_945bc8,0.39221927388627553
seg_946d71,11.460986548963394
seg_946d9a,0.3960965917061964
seg_947700,0.19411028740029954
seg_9485c0,0.43263782304760556
seg_94a133,0.5226393676855113
seg_94aa0a,0.356166634121879
seg_94c48c,0.3491277040503066
seg_94d150,0.3158945478030515
seg_94d573,0.6945556596727438
seg_94ecad,0.5415198730427118
seg_950048,0.4744297463699614
seg_952faa,0.3689727142877734
seg_95357d,0.5764971414472917
seg_95644e,0.4773757650049495
seg_957ece,0.32423823932325035
seg_95b321,0.6157088970397452
seg_95f45e,0.6628157541276123
seg_961d02,0.4575384720110604
seg_961ddf,0.3155342174148656
seg_9626a4,0.4555927405716734
seg_96642e,0.3253434036232897
seg_966f3d,0.4771431691613817
seg_967ae4,0.5424114553444249
seg_96cd5d,0.36358123713514634
seg_96dab2,0.685939481320496
seg_96db5e,0.40529910430382005
seg_96fa35,0.44557492984170105
seg_970b35,0.5438051071165944
seg_970e86,0.5013550602865995
seg_974049,0.19261514931427326
seg_9757ac,0.66777158474166
seg_979a8f,0.3387957723885666
seg_97a161,0.14539418920712485
seg_97ad82,0.4902837651932345
seg_97d9ed,0.5874896110106086
seg_97e4a9,0.5714057201124783
seg_9802c3,0.7661412297193545
seg_9825e0,0.5549436323831216
seg_983778,0.5234481614313898
seg_986976,0.7091461919020975
seg_986b6e,0.15051103471857455
seg_9872f9,0.4303985166853354
seg_988e69,0.4684614520439707
seg_98a819,0.3578967291064255
seg_98be13,0.18609141097809595
seg_98c0b6,0.3409410017774206
seg_98c44d,0.18008623040742666
seg_98c544,0.4064938631113811
seg_98ebaa,0.5356046344547777
seg_98f624,0.4746891907461253
seg_9940e8,0.5493992951826326
seg_996c37,0.15448654205331194
seg_99ccbd,0.23910876948414048
seg_99f677,0.5823288403660504
seg_99f76c,0.2291745654311436
seg_9a1a4f,0.20240258249700596
seg_9a1c76,0.2847277869607815
seg_9a43ef,0.4742002390937653
seg_9a6025,0.6590479506938335
seg_9a74d8,0.14286838651704944
seg_9a7c46,0.4822908109229829
seg_9a7d1d,0.4278601234879965
seg_9a812d,0.4157620736974437
seg_9a81a3,0.7487035572473348
seg_9a8a1f,0.5270857504160585
seg_9a9041,0.5448796697524256
seg_9a92db,0.4178811119245275
seg_9aa6e2,0.39951173581151256
seg_9ab405,0.5218739762758083
seg_9ad261,0.5718405665065986
seg_9ad925,0.7043722024663848
seg_9ae1a1,0.4317653307104389
seg_9b0439,0.3810702059714278
seg_9b44d2,0.24427953370168695
seg_9b7ef8,0.17291649693435912
seg_9b7f93,0.3501830235373037
seg_9bab11,0.5381738518950048
seg_9bd388,0.7994467111681223
seg_9bee43,0.22909442744878786
seg_9c00d7,0.17615350682006664
seg_9c090f,0.5821242251039788
seg_9c2843,0.3874394767802479
seg_9c3d6a,0.14719366351236216
seg_9c3ef8,0.3566354476056843
seg_9c635d,0.7219745133846818
seg_9c6715,0.3407904601278658
seg_9c8162,0.6872022572409798
seg_9c8bc8,0.28932685368963246
seg_9ca72e,0.6792769692063692
seg_9caf50,0.5547040205366554
seg_9cb464,0.4981281677131489
seg_9d1b26,0.6905618873566335
seg_9d1dbe,0.1558314744196238
seg_9d2528,0.5508661096747934
seg_9d3013,0.5849983901418592
seg_9d452d,0.7491959106814949
seg_9d57a1,0.13463991232637262
seg_9d68cf,0.3718234668903314
seg_9d6ff0,0.5784256196473673
seg_9d7490,0.23173571956828623
seg_9d79d4,0.3648403359364643
seg_9dcae1,0.2131966254307443
seg_9ddc99,0.1612259489950217
seg_9dea8d,0.47451087664323927
seg_9df32d,0.37821830911972726
seg_9e25e9,0.7633984350422524
seg_9e3837,0.24569917024356291
seg_9e61da,0.6398927815222891
seg_9e7dff,0.4688617585978861
seg_9e8323,0.34547887499013963
seg_9e8ca4,0.7292903790047566
seg_9e962b,0.5451626746784496
seg_9ee0aa,0.4573243575175329
seg_9f042e,0.6774377993119518
seg_9f12c6,0.6541088629187632
seg_9f22a0,0.44168883344123244
seg_9f4fd4,0.731489015425368
seg_9f57c4,0.6176252012115879
seg_9f6315,0.262721536413276
seg_9f7542,0.14542919630634488
seg_9fc7c2,0.30857464080687047
seg_9fd9b8,0.707509495932874
seg_9fe8b9,0.42220456950633645
seg_a00985,0.5099452720268662
seg_a009e6,0.7048437781029118
seg_a03e6a,0.5699856395926564
seg_a05c22,0.49717150285695993
seg_a06228,0.31517162127541676
seg_a0646a,0.40610671849562774
seg_a0979e,0.2077091660653549
seg_a0a423,0.4507241343558192
seg_a11dd5,0.4316779727526877
seg_a12acb,0.39732997968249184
seg_a133bc,0.1781063236462293
seg_a14212,0.18328374353983015
seg_a16a1b,0.6644795010313636
seg_a173d8,0.25947150873269414
seg_a18246,0.33465945785653733
seg_a1a511,0.31448554897862946
seg_a1acb2,0.4125478138409453
seg_a1b3cc,0.28906517417542543
seg_a1d8da,0.7157881777716663
seg_a1e5b0,0.4284128138170162
seg_a1edc1,0.41536602812208695
seg_a247ac,0.15975491724624286
seg_a25c46,0.32653153307129673
seg_a2986f,0.46733140365556264
seg_a2c108,0.12448059836231277
seg_a2d47d,0.3169700686726241
seg_a2e2c8,0.5138084113680234
seg_a2fd8b,0.40151731913142313
seg_a31d6e,0.30980621682616216
seg_a31fe3,0.5024260297702934
seg_a35c82,0.4595627803781546
seg_a35e7c,0.12210460644492532
seg_a39ebc,0.2801331770633581
seg_a39f3b,0.7116286259124566
seg_a39fa8,0.7263360261563463
seg_a3ab46,0.4516710201852905
seg_a3d4d6,0.4914432147902652
seg_a41c2c,0.4132912230146518
seg_a4208a,0.4871146499763134
seg_a420d4,0.6355232561046618
seg_a436bc,0.5458362116668751
seg_a437cb,0.37466908236656815
seg_a45455,0.19642515749933515
seg_a47cce,0.1560490746867227
seg_a489e1,0.5565757001739344
seg_a49ccc,0.5546739788373933
seg_a4ad7c,0.1628608079427457
seg_a4e745,0.4510535341839734
seg_a50d28,0.4804795114793896
seg_a5271e,0.5933870985301839
seg_a53e4c,0.2912939348834094
seg_a543e5,0.16873953429761318
seg_a55540,0.4793395205487153
seg_a55a17,0.22828241005220165
seg_a56c04,0.7586835705468872
seg_a58a6e,0.4500738167073137
seg_a5934a,0.33583835908434667
seg_a5d37f,0.6488405379394395
seg_a5dea6,0.552311278999354
seg_a5f4dd,0.5246768869000743
seg_a5fbcc,0.18393278197502777
seg_a61e1c,0.15350151342726548
seg_a63573,0.40045234073100416
seg_a674d2,0.1629082049666911
seg_a68007,0.5696689917298341
seg_a68ffb,0.1888972189727004
seg_a69246,11.464126152631028
seg_a6959c,0.1308060656554944
seg_a6bf91,0.377535471870915
seg_a6c5cc,0.6084604332778033
seg_a6cd86,0.19913052544401544
seg_a6e801,0.4603537503753859
seg_a6e99c,0.5596729639570827
seg_a6eed3,0.2956667166220986
seg_a704ee,0.5815184063230622
seg_a7561c,0.31111475299577435
seg_a7b454,0.4253906494102767
seg_a7d0eb,0.7133650561945937
seg_a7e49b,0.6797020053647126
seg_a80123,0.23878658004494538
seg_a802fa,0.3262247283699525
seg_a80f6f,0.1433651384717678
seg_a82229,0.36492022227785204
seg_a84c13,0.5973423236024339
seg_a86231,0.42060215637025355
seg_a8685e,0.5453296947272589
seg_a86a05,0.5350408200543896
seg_a87e79,0.5277280359240324
seg_a88097,0.08646075707072515
seg_a88dde,0.4638964647510665
seg_a8bb2f,0.452927644870039
seg_a8ddf7,0.23608489238354455
seg_a8e6df,0.37901518969521136
seg_a8e71a,0.3311449444495471
seg_a9089b,0.5409157416790296
seg_a91c03,0.5661803472886987
seg_a93a88,0.5187924750724867
seg_a96b47,0.3179293801814039
seg_a975df,0.3214709508986469
seg_a99161,0.5523176017158706
seg_a99799,0.48292521164813595
seg_a99be9,11.459632256639646
seg_a9a820,0.5688126387866306
seg_a9b957,0.4310160130920455
seg_a9f80e,0.46065074692054403
seg_aa0180,0.5432222354167701
seg_aa1adf,0.7543404242880465
seg_aa508a,0.603124129524517
seg_aa78e0,0.168400882720781
seg_aa7a4b,0.7569165137129632
seg_aa98cc,0.5392193654486231
seg_aa9b8e,0.5061857135650153
seg_aaa2ae,0.644165237440165
seg_aabc52,0.5638663598146806
seg_aae025,0.4271454859090473
seg_ab001b,0.6458188893860425
seg_ab15ad,0.3404418461964312
seg_ab2a78,0.27831989977382227
seg_ab3f14,0.540368192626484
seg_ab4bca,0.6189080234746099
seg_ab644e,0.45767961097113596
seg_ab70bd,0.49426339826190696
seg_ab9654,11.464512979685683
seg_aba501,0.28174994453750063
seg_abaad2,0.18013390237341695
seg_abb03a,0.4341589002751958
seg_abb06a,0.6923092628074721
seg_abc5fd,0.4335264540363984
seg_abda04,0.5355549694557372
seg_abeca6,0.5954681575184101
seg_ac45ae,0.4909594852942038
seg_ac5c61,0.12647750799136148
seg_ac68bb,0.5536551033193454
seg_ac9de5,0.4511798825985548
seg_acd715,0.45707751587888246
seg_acf2f4,0.5919151055814861
seg_ad3a44,0.34613783649127905
seg_ad3cf0,0.5533664252787869
seg_ad591c,0.5441055277917588
seg_ad759c,0.5558970391992287
seg_ad82ca,0.3755772728303743
seg_ad949a,0.544905105280351
seg_ada42c,0.27473782325431956
seg_ada81a,0.37337527618987837
seg_ade769,0.4015288542773052
seg_adf94a,0.5883372406828461
seg_adf986,0.5950138751308777
seg_ae32a6,0.32163603274776953
seg_ae3388,0.5488253606571777
seg_ae3d92,0.19286635190817034
seg_ae42b3,0.12805352496442157
seg_ae9626,0.5694532979336699
seg_ae9761,0.4938079109988472
seg_aec276,11.465158657242858
seg_aed434,0.4473040987584941
seg_aee7c0,0.19404451435367193
seg_aee9bf,0.4877461099986071
seg_aeeb31,0.6037815621304162
seg_af1650,0.5007674047188883
seg_af2472,0.6157513940072681
seg_af6204,0.45159087125328845
seg_af703b,0.1391967149460898
seg_af959f,0.4173341288960082
seg_afa4a1,0.7414893033448923
seg_afadfb,0.4126328449995663
seg_afca81,0.6000434166643053
seg_afd665,0.3895976922849617
seg_b00f05,0.44887463402340744
seg_b02e31,0.16357653924506024
seg_b03de5,0.5635880395766905
seg_b08e9d,0.5530799618185077
seg_b0a794,0.5949590452747932
seg_b0bf65,0.23573823734280513
seg_b0cf32,11.467333281931273
seg_b0d251,0.16464164065495993
seg_b0f9cd,0.6817887899791942
seg_b108c9,0.2156326384759936
seg_b13220,0.3428481212374657
seg_b13fb9,0.5532988966664346
seg_b197e2,0.4798010539938931
seg_b1a35c,0.13664185476726562
seg_b1b95e,0.5013086851457976
seg_b1fea8,0.4948351208948361
seg_b20487,11.478966882824755
seg_b21273,0.24523528302734024
seg_b23489,0.7238160586059338
seg_b253ee,0.4863285448654254
seg_b25dde,0.536310693099717
seg_b26368,0.3420621482432394
seg_b284b2,0.3484172044455058
seg_b291c0,0.3694325873975112
seg_b2b29d,0.2874837852893564
seg_b2b331,0.23211410627049128
seg_b2e045,0.45481535274990037
seg_b31961,0.2122485512911749
seg_b32d1d,0.6125847787376729
seg_b35174,0.2930185398960652
seg_b36650,0.7531001869401118
seg_b36c8a,0.7157009843977099
seg_b378bc,0.5025090061479289
seg_b3883e,0.3565804633794862
seg_b3cf21,0.39651778436695184
seg_b3d886,0.6838570635477632
seg_b402ac,0.17106881912892116
seg_b41d3c,0.32167494293061544
seg_b42170,0.37024845634581627
seg_b4402d,11.470300702026377
seg_b44c2e,0.15242791633681535
seg_b47c19,0.5145765182628246
seg_b4c040,0.19070811476746624
seg_b4cb44,0.4319071032601893
seg_b4f7a8,0.42725474350387355
seg_b50239,0.6168426632031827
seg_b51380,0.45570025830672317
seg_b51b7c,0.4209426650510565
seg_b52710,0.5666357910552917
seg_b52add,11.471784765405188
seg_b52dac,0.37893650232148074
seg_b54024,0.2726168005912143
seg_b568c6,0.4772546943391404
seg_b57e76,0.2907015220987733
seg_b5804a,0.4926647094873887
seg_b58542,0.133942631717487
seg_b5a447,0.17469185062671183
seg_b5aee9,0.1789501924905728
seg_b6254c,0.4186452353940563
seg_b63de1,0.29399801236866446
seg_b64c9c,0.4598245278530717
seg_b66b87,0.4771865691405385
seg_b686e5,0.6084726655779155
seg_b687fc,0.5836136130153919
seg_b691c5,0.5516688423598595
seg_b69455,0.7665366585521292
seg_b695b3,0.4014046759240639
seg_b6bdaa,0.4775981057489623
seg_b6c10d,0.35285978331221685
seg_b6cb2b,0.4227340104473319
seg_b72413,0.2692604156859244
seg_b735a5,0.34994307999570234
seg_b77bf5,0.5029913160848362
seg_b782c7,0.42047108069010813
seg_b78883,11.468153835231059
seg_b7a8a1,0.7189103467004762
seg_b7b098,0.2643789864762408
seg_b7da0a,0.5689859367157326
seg_b7eeb6,0.7067425902720622
seg_b80358,0.1735734866831636
seg_b80366,0.4363668265169428
seg_b80b89,0.5849424977430553
seg_b8141c,0.5923312170960338
seg_b853c1,0.3554501357971865
seg_b853f8,0.15246111945705096
seg_b86ce1,0.27847773317973834
seg_b8725b,0.42583294959390844
seg_b8745c,0.40316379934695834
seg_b87cf5,0.5080410713835952
seg_b88baa,0.19710115314436014
seg_b89218,0.3361484802276069
seg_b89e47,0.51643137058104
seg_b8b72f,0.47565705932167546
seg_b8bb87,11.46229956780429
seg_b8fd73,11.471660023458474
seg_b91011,0.5202411779490019
seg_b917b5,0.422724058554942
seg_b91ae2,0.15559037401417203
seg_b9361a,0.3797310125776012
seg_b9365c,0.47506194026789145
seg_b947ae,0.48114719076549334
seg_b95010,0.5889167977653254
seg_b95a77,0.4735450169307227
seg_b9619c,0.35202048031315153
seg_b9ad7f,0.6612210734938714
seg_b9bdd7,0.33338491566490847
seg_b9d8a0,0.5392184252926784
seg_b9de03,0.3661088192997694
seg_b9ec4b,0.5983173217557558
seg_ba0485,0.46826072063495583
seg_ba1d68,0.5749395146165569
seg_ba2c48,0.44238149790587583
seg_ba3c47,0.5437279784417194
seg_ba3e74,0.19558363356019084
seg_ba4ea3,0.15442601740392967
seg_ba5e7e,0.3080556473399542
seg_ba83da,0.503018600962389
seg_ba941e,0.6673728026939548
seg_ba98dc,0.2738712754279092
seg_ba9dbf,0.6309097141008321
seg_baa745,0.5475691995155427
seg_bb171f,0.74280279385653
seg_bb180c,0.29371326244612933
seg_bb2d77,0.29022269598575456
seg_bb5e15,0.28085510385589924
seg_bb6904,0.5434167247603269
seg_bb6fcb,0.5321859766760882
seg_bb92b1,0.48181642944472663
seg_bbb01e,0.5393670117847408
seg_bbbc30,0.3299206079576217
seg_bbf805,0.33229264170897477
seg_bbfd4e,0.1450387271864519
seg_bc07c8,0.5618278300120122
seg_bc1d67,0.5515594534041736
seg_bc2186,0.36047329167918046
seg_bc437b,0.11376257982492635
seg_bca500,0.4327617885980282
seg_bcc8f1,0.43226944334568784
seg_bce23c,0.46840939168305845
seg_bce305,0.5955438158220269
seg_bcf2d9,0.19552177174666968
seg_bcf6af,0.5384651953146887
seg_bcfad6,0.6892935442048288
seg_bd00c4,0.7091590095504366
seg_bd2b0c,0.4638425852221769
seg_bd31bf,0.501124265428993
seg_bd40f2,0.5468458262122563
seg_bd4d30,0.4496833187719104
seg_bd5022,0.6080524801338432
seg_bd629b,0.46789369397096425
seg_bd6f5f,0.48229433254439774
seg_bd7109,0.32408490805042023
seg_bdae02,0.13894703612990894
seg_bdf84b,0.35476381462255513
seg_be0cdc,0.5208295437682869
seg_be0dfa,0.36580167983490003
seg_be19e2,0.16373923744550886
seg_be30ce,0.2540662239283934
seg_be4612,0.16071005738093977
seg_be62ef,0.5071279309411628
seg_be65f2,0.48145721763167587
seg_be811d,0.24702973726109936
seg_beb650,0.19482845005462673
seg_beda44,0.24238237626595763
seg_bee792,0.45467928642618427
seg_bf1294,0.5807782519371442
seg_bf1430,0.7256549719689074
seg_bf1a72,0.30399218730659483
seg_bf2d1f,0.5364857391033704
seg_bf4bf2,0.602958937333369
seg_bf4ec0,0.353363781550483
seg_bf58ce,0.6875173752159023
seg_bf7224,0.4492809534685348
seg_bfdd14,0.5698409934101234
seg_bfe0b6,0.4123159326737139
seg_bff05e,0.46942166459203344
seg_bff392,0.5952553459707187
seg_c01a57,0.5787121851607063
seg_c01d9a,11.46623692059176
seg_c01f63,0.672837050111071
seg_c0260d,0.47490424725868213
seg_c047b7,0.5388740418277287
seg_c05a7d,0.17759555444051386
seg_c07b7c,0.6216931449867428
seg_c08d36,0.2514876886924592
seg_c09a41,0.6999653688085615
seg_c0c0ed,0.37648079473934914
seg_c0d7da,0.3173517204015467
seg_c0e1b9,0.4259306915703277
seg_c0ea9f,0.4522317578438856
seg_c106ca,0.48299362071401275
seg_c10a58,0.37804384202431784
seg_c11828,0.5636577712932672
seg_c11a4f,0.3918098835245534
seg_c12d7d,0.3448318263159489
seg_c146a8,0.4689097481879865
seg_c15d21,0.6674497407134758
seg_c17817,0.5146268687833206
seg_c179f8,0.1655095832484243
seg_c183e4,0.4439192479890815
seg_c186dc,0.40451304509989056
seg_c18d5a,0.649055253918964
seg_c1fe9a,0.41802219557110576
seg_c20a27,0.44326874585940285
seg_c20c06,0.3185612137450689
seg_c21723,0.19313184372151423
seg_c21d60,0.3322569307957174
seg_c22bd4,0.7279105393597161
seg_c23429,0.45741461534670846
seg_c23641,0.6316785501560165
seg_c243a6,0.5436656721557865
seg_c24946,0.3003375675862395
seg_c25855,11.463161345694843
seg_c267a5,0.5877984586375655
seg_c26fb4,0.6041826566988764
seg_c27591,0.4804623037354943
seg_c2a0c8,0.6678985405089876
seg_c2b8f7,0.7611779246783292
seg_c3507f,0.6033607163341069
seg_c35940,0.5368238983296126
seg_c365de,0.546049416791378
seg_c3836b,0.27914459087550736
seg_c3f672,0.5395390754278776
seg_c3f8d7,0.38915843113268
seg_c41d1d,0.4907865268652103
seg_c42490,0.4564169493785011
seg_c42952,0.7339319405443261
seg_c44bbc,0.6054766673382032
seg_c46ce6,0.5616458059318085
seg_c472cf,0.5413637850318869
seg_c47bdc,0.5479682234329084
seg_c4af54,0.32375027936557016
seg_c5064e,0.5255535614915687
seg_c509ff,0.5423968863962457
seg_c522f8,0.4889989979029601
seg_c5256d,0.4185034959992947
seg_c52ae6,0.45538264282304397
seg_c5325c,0.17012417703187246
seg_c550b1,0.3273675571413028
seg_c565bd,0.2842300268101834
seg_c571ef,0.6093520435536569
seg_c588c1,0.4840986291887363
seg_c58ca5,0.530154639306151
seg_c5abaa,0.5517233352307205
seg_c5c455,0.28087488431941987
seg_c5c6ea,0.6529536006459451
seg_c5dada,0.4139266931624784
seg_c5dee4,0.40899143080566036
seg_c5f986,0.3177658762324013
seg_c5fc3b,0.4635979534116647
seg_c5fc87,0.1968987920140343
seg_c607eb,0.5424743995697192
seg_c60dca,0.4634587316263097
seg_c60f1d,0.6192949316200551
seg_c627fc,0.5944899301194982
seg_c62a06,0.6924263064232805
seg_c65135,0.368770315440997
seg_c654e7,0.7291039840164103
seg_c666dd,0.7267188234972357
seg_c671f7,0.7158222037977577
seg_c6b514,0.4228265845062043
seg_c6c29f,0.6030826877655288
seg_c6f0a2,0.4751018675578646
seg_c6f533,0.366429358060262
seg_c6f9c2,0.6139170234105618
seg_c703be,0.42399485247306234
seg_c70fde,0.5234850924426143
seg_c714d0,0.587143277985863
seg_c73df6,0.4683337990681192
seg_c747ad,0.5417644676045525
seg_c747b4,0.40862896076738686
seg_c7a3bc,0.4699549289890637
seg_c7a401,0.4205782613563036
seg_c7a579,0.6804939949657941
seg_c7b424,0.7008028924068217
seg_c80857,0.5396520142175592
seg_c81e10,0.3001665862669755
seg_c81fec,0.1989589535927343
seg_c8459f,0.19233614504214822
seg_c87c24,0.45136810458674415
seg_c901c0,0.27944780898653665
seg_c90be5,0.15379318278365534
seg_c9201c,0.36098835992156053
seg_c9481f,0.14157234867143845
seg_c94941,0.543103241569322
seg_c9831a,0.5838954729409949
seg_c9e533,0.18590193789198356
seg_c9f80a,0.6047912756778009
seg_ca2d1b,0.4269800887738974
seg_ca407b,0.19769903181910517
seg_ca44a8,0.27820187299324095
seg_ca67ee,0.331845740367476
seg_ca6d70,0.7138575565869263
seg_ca8389,0.4323763300857214
seg_ca88e3,0.6640549058089601
seg_ca9e39,0.49314745208580363
seg_caa919,0.2104275184243784
seg_cacd0a,0.3753846721148959
seg_cacd58,0.4825939999753288
seg_cb0e21,0.35112882137849055
seg_cb806c,0.5709858442187945
seg_cbcce9,0.49892809063134463
seg_cbfb19,0.5281721926531344
seg_cc096e,0.5501397517187091
seg_cc2c46,0.4947010589530822
seg_cc2e9b,0.2400292252850544
seg_cc4199,0.480999457562596
seg_cc4932,0.45629739749352216
seg_cc4950,0.5447908913188085
seg_cc667b,0.5589856352336353
seg_cc7a19,0.22675452764182277
seg_cc7e39,0.4653282292640076
seg_ccdc28,0.2305090951439205
seg_cd0691,0.577989015571475
seg_cd2b34,0.5482816260991872
seg_cd2b53,0.5628025985221079
seg_cd352f,0.4700681521948642
seg_cd43b4,0.12634066356784807
seg_cd699e,0.4296911562666669
seg_cd9f9b,0.7032147818905263
seg_cdadb5,0.33216480617812505
seg_cdf88e,0.5254468065818321
seg_ce00bb,0.26031768968642527
seg_ce46ba,0.5935055501711872
seg_ce472b,0.44558789351683914
seg_ce5520,0.6402379802019253
seg_ce5832,0.3124445011444853
seg_ce72e2,0.24413508769747544
seg_ce7537,0.47506888788095425
seg_ce9f59,0.3669471225002079
seg_cea185,0.5136006738572195
seg_ceab44,0.5517939574793005
seg_ceb942,0.4645732264689572
seg_cec2f2,0.5118956773889674
seg_cecd29,0.3854751647455801
seg_ced992,0.5667439776287083
seg_cedf3e,0.6854809128327723
seg_cee7d0,0.3679888092566136
seg_cf0e43,0.7333610675369217
seg_cf1371,0.21520213716824385
seg_cf25d2,0.5353592012905142
seg_cf3825,0.18442905505889506
seg_cf5764,0.4823268066723042
seg_cf646e,0.16336244429550856
seg_cf74e8,0.42697558555513787
seg_cf9a49,0.4594572207975166
seg_cfed24,0.4334128051146425
seg_cff594,0.5067507685945605
seg_d014a3,0.4292747754113008
seg_d0598e,0.7733743064411771
seg_d062a6,0.770286354109714
seg_d07c62,0.5964705704985938
seg_d07ce8,0.42321971910439493
seg_d098df,0.2973990219117758
seg_d0c280,0.5213272860454167
seg_d0c8e2,0.4056612656183446
seg_d0f262,0.22751211755782727
seg_d0f803,0.47055297051166717
seg_d1045e,0.7082183053229837
seg_d11ca8,0.15696824127766343
seg_d14524,0.5061499198960618
seg_d146a6,0.19248146922111142
seg_d16534,0.7664479830286257
seg_d19980,0.4680461662671347
seg_d1a281,0.4715911001376954
seg_d1a2b9,0.3040117052454003
seg_d1a8b3,0.37632678017805576
seg_d1abaa,0.4528510291016564
seg_d1b91e,0.45534598445966257
seg_d1ca05,0.36823383871666143
seg_d1cb37,0.17228873315272275
seg_d1eee8,0.4638496482967442
seg_d1fbb8,11.46255108770488
seg_d21066,0.5526029109398993
seg_d21eb6,0.7000654907655812
seg_d24095,0.468016611543819
seg_d247da,0.7224015168781182
seg_d2551a,0.5421792899682898
seg_d26f7d,11.466041709470952
seg_d27193,0.619116652681221
seg_d27812,0.4150327588186887
seg_d29a4b,0.602270315704516
seg_d2a533,0.33315347815431756
seg_d2ad9a,0.5790896254473774
seg_d2cb02,0.7536139572123367
seg_d2db6b,0.613664262853802
seg_d2f588,0.7434754327782737
seg_d30a9d,0.5886831755059574
seg_d31583,0.3532914053324406
seg_d320f5,0.43357458187454356
seg_d328bb,0.4499502543415337
seg_d32f71,0.3251873369469877
seg_d32f8a,0.3885647400728503
seg_d35274,0.30694673095731817
seg_d356ab,0.3569954740054181
seg_d35e50,0.15313333360305478
seg_d36055,0.42563451514572526
seg_d36342,0.42527574124111284
seg_d36681,0.14564777057923195
seg_d36737,0.37248394339801955
seg_d37b05,0.46232244358016245
seg_d39131,0.46531366381946804
seg_d398df,0.494863376168492
seg_d3992e,0.5424370645312361
seg_d3bb14,0.23916699266187563
seg_d3d8fc,0.555382851236119
seg_d3f6b0,0.5314382568500866
seg_d3f967,0.3531048124904367
seg_d40bb2,0.12155826432411299
seg_d41daa,0.1778596666032786
seg_d42c77,0.4413577908382074
seg_d44589,0.35114062506350724
seg_d47aba,0.32142664874508725
seg_d4c763,0.492146244571446
seg_d4dec8,0.48450226639989324
seg_d4ea17,0.4613677946826566
seg_d508db,0.37025332361526675
seg_d516e3,0.1355352550074102
seg_d56ae2,0.525282663116508
seg_d56d32,0.7155771269153557
seg_d59e4e,0.40100407538551847
seg_d5b100,0.2517474094196472
seg_d5d3a1,0.5354452921604599
seg_d5dbc1,0.2149724164824893
seg_d5df41,0.643174948692659
seg_d5f344,0.7718103308752176
seg_d60d18,0.3846441862444226
seg_d62e9c,0.44318005151024714
seg_d63175,0.17528084565093335
seg_d661ce,0.22918488511549304
seg_d668c0,0.16440176688418864
seg_d68930,0.13492027802514733
seg_d693b0,0.795212894682762
seg_d6b198,0.650739409424639
seg_d6b386,0.5446962207362008
seg_d6b546,0.1425432172307851
seg_d6dad6,0.5496627968320822
seg_d6ea73,0.47209264343794244
seg_d702b2,0.7414013664119854
seg_d71352,0.14336658219124326
seg_d740b2,0.49426866510704753
seg_d753f8,0.682720164703229
seg_d78093,0.3759091265896067
seg_d78e7d,0.40273901570172116
seg_d795ab,0.454471130361947
seg_d7967e,0.3390460960282226
seg_d7a805,0.6098268343866325
seg_d7ab50,0.6048355348555621
seg_d7f015,0.7215447448957909
seg_d7f53a,0.40171722551054173
seg_d8014d,0.6806862209176894
seg_d83890,0.5600400784524026
seg_d85e2e,0.18387819718122442
seg_d86eb6,0.6128716805262305
seg_d88da7,0.43357022305332865
seg_d89369,0.42940781793499727
seg_d90c5f,0.6799214673523898
seg_d91492,0.7125832576263251
seg_d9190c,0.4269886704194955
seg_d9352b,0.13686245416183088
seg_d962cc,0.37343338222493044
seg_d9750c,0.2087926677548662
seg_d9a2bb,0.3437209436313389
seg_d9b162,0.7483534074748496
seg_d9bb68,0.550914504135952
seg_d9ce67,0.6138363089402376
seg_d9d0e4,0.4832970813491473
seg_d9dab4,0.11971149544610234
seg_da21ee,0.5228291763306365
seg_da7c3b,0.5527932091512362
seg_da80c4,0.4425368095496085
seg_da8b88,0.5174050987077071
seg_dab0f9,0.5334722635378253
seg_dad4f2,0.49084934476057623
seg_db3446,0.782423704473806
seg_db3a95,0.37807568051040175
seg_db3fbe,0.5260562318348748
seg_db4185,0.4092490080361843
seg_db606c,0.6699639200388596
seg_db694a,0.6472957879615597
seg_db6d5f,0.14038112227519128
seg_db90c0,0.34496527714671454
seg_dbbb44,0.47952781850327497
seg_dbc615,0.526952563886825
seg_dbf3f2,0.6425212684666975
seg_dc188b,0.19221922699580893
seg_dc1cf0,0.4113490098448286
seg_dc23c0,0.5692879678472513
seg_dc4698,0.6109926563078975
seg_dc5e63,0.6057107902345619
seg_dc6e94,0.3003732254925151
seg_dc73b8,0.2127472075589024
seg_dc7e0d,0.6093342072078668
seg_dca2c2,0.11749075829178467
seg_dcb51d,0.35977609945163047
seg_dcbe02,0.23520832883020057
seg_dcd9df,0.48010335555076733
seg_dcee28,0.47998365721085695
seg_dceeca,0.394836076184815
seg_dcf242,0.15737860561352368
seg_dcfb4b,0.09849157920778348
seg_dd0b11,0.6053497062293071
seg_dd4594,0.38210166362833486
seg_dd699c,0.4285809435575054
seg_dd780d,0.19405611546866192
seg_dd8805,0.38920438917241984
seg_ddbadc,0.14645133664690085
seg_ddc800,11.46209845352174
seg_ddd206,0.6851908095521563
seg_ddddf0,0.2882672295430391
seg_de225c,0.5442361526831677
seg_de3237,0.12794253708790443
seg_de3d5e,0.20985241887977346
seg_de4e1d,0.32414295134531984
seg_de8180,0.5382742808642329
seg_de98fa,0.332380347439894
seg_de9e32,0.6543949772067764
seg_df0df7,0.23699979291498371
seg_df352f,0.4503996062250377
seg_df45b0,0.542464082141116
seg_df8385,0.5754219264992922
seg_df8e0a,0.46182605330863513
seg_df99d4,0.3100044666715072
seg_dff078,0.1953705370305082
seg_e00465,0.415996985051851
seg_e051bc,0.44441433871519515
seg_e05de2,0.37088549169523255
seg_e067ab,0.5429365945585293
seg_e09301,0.4727154251550823
seg_e0c329,0.32962137056837726
seg_e0ce38,0.46465563248757763
seg_e0cfd4,0.5887280450774267
seg_e0f296,0.5234718908598928
seg_e10d3b,0.6761915385957503
seg_e13bd8,0.19005649624284895
seg_e14149,0.5320737334220262
seg_e1468f,0.3169580519099558
seg_e15cb9,0.5778018055480884
seg_e197b8,0.3846468931348356
seg_e1a9e0,0.5251387924524722
seg_e1daa0,0.47131861235959743
seg_e1f045,0.4867701340394285
seg_e1f081,0.4061700595946027
seg_e20d76,0.632404725653858
seg_e217fc,0.6940016690762113
seg_e2209b,0.3654483997572696
seg_e24496,0.47446345626926667
seg_e24f69,0.38063922638385567
seg_e256bd,0.5743333080234464
seg_e25aca,0.47147560926020143
seg_e266f4,0.6663119967312692
seg_e27c0a,0.28668374592171675
seg_e29670,0.6164176816061262
seg_e2b8b1,0.7929303107112069
seg_e2c82c,0.49377014373407835
seg_e3005e,0.3757314331796613
seg_e30e44,0.6031052960586177
seg_e30ef5,0.32792010185941917
seg_e34052,0.365577863139731
seg_e37b8e,0.68521044012337
seg_e3b1f1,0.5421490039768427
seg_e3ca24,0.5274834184435144
seg_e3cf1a,0.4697499598540735
seg_e3d751,0.5492548528997193
seg_e3dafa,0.4660354965749818
seg_e3e762,0.4117226494358703
seg_e40348,0.1929525451722102
seg_e405fe,0.30091776264355813
seg_e40d64,0.14373211608579375
seg_e41fc9,0.32590051579737966
seg_e47d2b,0.625530596180977
seg_e481c7,0.49892809063134463
seg_e48c23,0.36693596872466655
seg_e49750,0.49502008142159115
seg_e4c15a,0.1864404006121128
seg_e4f203,0.48864486187934253
seg_e4f403,0.28045552668826623
seg_e50f16,0.4344921407154982
seg_e52f8c,0.7145384037982867
seg_e53a52,0.1934011773557788
seg_e54932,0.5003036594695061
seg_e5750a,0.5473859466928338
seg_e59dca,0.4653965056024108
seg_e5b510,0.35569031099040294
seg_e5c033,0.1955214619672554
seg_e5deec,0.31679442655160406
seg_e5e238,0.3221270195027021
seg_e5f9ec,0.5817347201071903
seg_e5fbc1,0.5421869529361096
seg_e60719,0.4633975463241125
seg_e6307f,0.5200039997926512
seg_e64dfa,0.373668857342489
seg_e65e69,0.7331344117535225
seg_e66697,0.7216491074719852
seg_e6b236,0.43172417023985044
seg_e6bd3f,0.21397710311412851
seg_e6c973,0.3781508619630589
seg_e6e1df,0.41012302322661254
seg_e6e24e,0.30644600983123343
seg_e71dda,0.2783399870795397
seg_e72f10,0.518673891983101
seg_e742dc,0.5094198044766889
seg_e76e6e,0.7259336792051508
seg_e7ac12,0.3279431642887471
seg_e7ced6,0.37364031536679554
seg_e7d1f8,0.3416033882821498
seg_e7d3e7,0.3247839781912907
seg_e80726,0.37110006797406614
seg_e81b50,0.5992895395652656
seg_e8385f,0.21235314045039608
seg_e85f55,0.5808930149571518
seg_e86e44,0.46715366236100114
seg_e86ed1,0.13719112117978474
seg_e86f77,0.26676067994715064
seg_e877a5,0.27993188100827177
seg_e8a2c4,0.7004186359210104
seg_e8a4f4,0.7295814512808338
seg_e8ac98,0.539734497485282
seg_e8ad6b,0.5008899246093615
seg_e8b2b3,0.19657380920415862
seg_e8bcde,0.6207734801704934
seg_e8ce6a,0.559435931373044
seg_e8d02f,0.43044131460722335
seg_e90c0d,0.6443577164073843
seg_e92526,0.29861604548174925
seg_e9272e,0.21427749242338784
seg_e96140,0.33973644228984123
seg_e98217,0.23312423503448723
seg_e9a09f,0.26722376803596465
seg_e9aa44,0.49491055622151037
seg_e9df42,0.4298639294588908
seg_e9e65b,0.5374261112189792
seg_ea0091,0.37782124967811564
seg_ea05c1,0.18188638756012598
seg_ea096b,0.43901809028216965
seg_ea098b,0.4343977249583837
seg_ea4d3a,0.5902212220138132
seg_ea78c0,0.5415261947358899
seg_ea8270,0.16745489993631743
seg_ea9d37,0.655430216359877
seg_ea9fa4,0.12523985496982373
seg_eaa0ec,0.4031054734040985
seg_eabb2c,0.5291226827990839
seg_eacccf,0.27450885182324625
seg_ead30e,0.44541347961596867
seg_eb0b19,0.11466298468771419
seg_eb1d6e,0.6135611309580279
seg_eb2e11,0.7149806200427579
seg_eb32bc,0.637719189020636
seg_eb47a9,0.517124854426351
seg_eb692c,0.16674210272104198
seg_eb7595,0.4758658992830926
seg_eb7f91,0.5018491479263225
seg_eba22d,0.7871764211825686
seg_ebb79f,0.18690616763569443
seg_ebd77b,0.4753051006181218
seg_ebe36c,0.2775346509145872
seg_ebec3e,0.5014387890930854
seg_ec0e7b,0.2113581947934866
seg_ec4645,0.223450536872147
seg_ec73d5,0.739821544189119
seg_ec973c,11.4650920898923
seg_eca2eb,0.19863072907055457
seg_ecaef0,0.20178859744407784
seg_eccb17,0.6990916334948016
seg_ecdca4,0.32495379193623164
seg_ecf28d,0.7847631743077075
seg_ecf81b,0.49006689963747024
seg_ed07b0,0.2314956713689967
seg_ed3e4c,0.5942297417639211
seg_ed52ac,0.4870233469510512
seg_ed7741,0.5009589375205078
seg_ed7dee,0.19328668473287505
seg_ed7f69,0.6000783575158533
seg_edda79,0.5027406898972886
seg_edecaa,0.46145947909147106
seg_ee1cfc,0.28811697249807977
seg_ee2781,0.500914809147532
seg_ee4479,0.5761555416532667
seg_ee4ae5,0.340426842643924
seg_ee7224,0.6155935610060782
seg_ee87e2,0.2708209720024105
seg_ee8f87,0.7268056617573501
seg_eea20e,0.43784167694832143
seg_eebbc2,0.5807255656064424
seg_eee89d,0.6385942835125522
seg_eefd4a,0.5890057427326555
seg_ef24bd,0.5355283201574883
seg_ef27c8,0.5128792053220015
seg_ef47c4,0.5373422238023965
seg_ef644a,0.6444686256975851
seg_ef660a,0.46995948450633723
seg_ef74dc,0.2090508256272306
seg_ef779d,0.7554967039606872
seg_ef9105,0.35395987456986844
seg_efb639,0.7091068993706077
seg_efbf3e,0.5411368331301494
seg_efc5fb,0.4586160422743473
seg_efd9ec,0.4784043002847961
seg_f003ca,0.4076168318555303
seg_f01368,0.5009436375829561
seg_f0181d,0.231697949117334
seg_f02d32,0.5426428685585514
seg_f056d8,0.316593338636947
seg_f0574b,0.3657086789274849
seg_f073e2,0.4736753228661639
seg_f0ce4a,0.20841867247907053
seg_f0cedb,0.47141357533198347
seg_f0d278,0.5705426673290446
seg_f0db55,0.27456692232954705
seg_f11620,0.6080752456638686
seg_f11f77,0.4373371671286017
seg_f165f6,0.47411493201925525
seg_f19f8e,0.49467987252698514
seg_f1a771,0.3706338882931791
seg_f1b916,0.45549330570833546
seg_f1f5b9,0.5046752545584989
seg_f21a22,0.4918425328413018
seg_f21bf4,0.6607502381442858
seg_f22163,0.5195483598499367
seg_f229bf,0.20790860011072967
seg_f24292,0.33649600108105604
seg_f2750c,0.4165504744726523
seg_f2a20d,0.3520214103219371
seg_f2ae5e,0.39410158700363324
seg_f2b0c5,0.6205193236528476
seg_f2cb5e,0.560353144129977
seg_f2f5a3,0.5887120798348902
seg_f3063a,0.7140756460741464
seg_f30b2f,0.5113512266704817
seg_f30f0c,0.26875039963094954
seg_f322b1,0.5379309663324086
seg_f342a3,0.7608951332091597
seg_f34877,0.5248721241478156
seg_f383fb,0.6541920393171439
seg_f3c578,0.22707956896410478
seg_f43730,0.15725784427560777
seg_f43ab6,0.5857622990186532
seg_f455bc,11.467299414401603
seg_f46cc1,0.39204973523434433
seg_f48363,0.6139008437231616
seg_f48db9,0.5316502357544928
seg_f4ad4b,0.6133623719151718
seg_f4d644,0.5376006311931534
seg_f52cdc,11.471955070052669
seg_f5406b,0.32213770257491187
seg_f579ba,0.531435316542324
seg_f57ca1,11.46244954725982
seg_f59974,0.47577336081522614
seg_f5a4ee,0.13702422219808655
seg_f5a6ab,0.5521987482331455
seg_f5d2dd,0.36383513514890775
seg_f5e682,0.2767116791592153
seg_f60872,0.7113069203848097
seg_f618a8,0.4729123157395926
seg_f61b0e,0.5519521812724084
seg_f639cd,11.461133636425757
seg_f639ec,0.5202812415280479
seg_f650cc,0.26718027669577105
seg_f6659e,0.5330409026852698
seg_f66db1,0.49759735474709993
seg_f679c6,0.47946951034739
seg_f67ce2,0.40525918325993177
seg_f6828d,0.5367107711646041
seg_f69c38,0.4547707971836747
seg_f6a217,0.6235895698506545
seg_f6abc5,0.45293329637587015
seg_f6b70c,0.16449788994304693
seg_f6bae8,0.5935148394705733
seg_f6c0cb,0.599519079601219
seg_f6c928,0.5393482689585603
seg_f6cfd4,0.7789592242129233
seg_f6d51b,0.43021352120970036
seg_f6e1ca,0.32012997233007023
seg_f6e89f,0.39777812075940777
seg_f6f523,0.43075118452562006
seg_f6f683,0.17819715532441585
seg_f7050a,0.7283193055463615
seg_f70b66,0.37693788836208864
seg_f71db8,0.498354688271596
seg_f7290f,0.27988145683631477
seg_f734c8,0.3672616106473545
seg_f741af,0.6100406756043181
seg_f77ee5,0.5189201540111202
seg_f7d792,0.5831436314164814
seg_f7de40,0.1585182851835543
seg_f80e44,0.5359679172307985
seg_f83d28,0.6627401886096947
seg_f865be,0.5916812205297997
seg_f86c41,0.2929433977961423
seg_f88d4a,0.6240895831533882
seg_f8db0a,0.43313825066223594
seg_f8dd7e,0.3854721118504822
seg_f931de,0.4549016010151418
seg_f93ce5,0.36557548541305485
seg_f95fd3,0.7245821449293763
seg_f96d0e,0.584769813620675
seg_f96d5a,0.7952559810135754
seg_f97274,0.594520755477729
seg_f99b64,0.589247634861685
seg_f9e4f2,0.16880368780607347
seg_f9eea3,0.7154171430351846
seg_fa0ac7,0.1751167946586126
seg_fa34c7,0.1519820241761394
seg_fa488e,0.2285941774030418
seg_fa4df0,0.49793430890923923
seg_fa6383,0.24906894094053803
seg_fa796b,0.2936653020630461
seg_fa9f00,0.5930131054994576
seg_fad815,0.594825002721648
seg_fb00b3,0.5856460040900663
seg_fb11ba,0.7266263773486387
seg_fb1f5c,0.22411921902846058
seg_fb4c26,0.17476247723766303
seg_fb74f0,0.3790581215404407
seg_fb76ca,0.7634844187405144
seg_fb8af5,0.5668697402201579
seg_fb9491,0.47302045490095734
seg_fb9b2e,0.32561527470185964
seg_fbce13,0.2521657125801041
seg_fbd66b,0.5198820199418843
seg_fbddb9,0.5684219032069443
seg_fbe3c2,0.3214663557802104
seg_fbf17a,0.1421415298666803
seg_fbff25,0.45592871757636344
seg_fc407c,0.47704003297455166
seg_fc57d4,0.5150292609204544
seg_fc8fd6,0.4500329679315839
seg_fcb7d0,0.1431432088254254
seg_fcca66,0.3370673813888545
seg_fcd32e,0.5787094581333143
seg_fd19b8,0.7714192433420048
seg_fd374e,0.3464009193679279
seg_fd6340,0.15835034057928177
seg_fd8add,0.43106405460426445
seg_fd9ac1,0.20699914033149705
seg_fdba93,0.5950404754174214
seg_fdc1d4,0.2320718569998257
seg_fdd50e,0.2306626947464722
seg_fde767,0.47038720538098805
seg_fde86d,0.3329833149808874
seg_fdff11,0.5601550278944324
seg_fe2aac,0.47481407037327383
seg_fe5945,0.6473636518784514
seg_fe70c0,0.3942696220516237
seg_fe73b1,0.3700294019407443
seg_fe86f5,0.5341392840811199
seg_fea3e2,0.49433628675612357
seg_feb312,0.4682665085601496
seg_fedbd1,0.5319057544385608
seg_ff0f1b,0.3632185631923797
seg_ff1a62,0.7407174264017856
seg_ff2f2d,0.17612742235422804
seg_ff4236,0.4063809864999222
seg_ff7478,0.43021052688263683
seg_ff79d9,0.23059980770539498
seg_ffbd6a,0.5592183220291339
seg_ffe7cc,0.458375003083487
